{
    "134278087": {
        "editor_effect": {
            "model_id": 134265542, 
            "preview_icon": "", 
            "name": "\u7206\u88c2\u9b54\u6cd5", 
            "describe": 134278087, 
            "key": 134278087, 
            "res_type": "kkres", 
            "res_identify": "", 
            "scale": 1.0, 
            "uid": "134278087", 
            "source_effect": [
                104268
            ]
        }, 
        "model": {
            "name": "\u7206\u88c2\u9b54\u6cd5", 
            "model_id": 134265542, 
            "effect_path": "Fx_Effect/Realism/Fx_Skill/Soil/Soil_X1_dengai_tuntian_c0003_copy", 
            "meshes": [], 
            "custom": true, 
            "effect_keep": false, 
            "effect_max_life": 0.7599999867, 
            "is_beam_effect": false
        }
    }, 
    "res_type": "editor_effect", 
    "import_export_folder_info": "/code_explorer_custom_root_folder_name"
}