{
    "134241826": {
        "editor_effect": {
            "model_id": 134241826, 
            "name": "\u9ed1\u98ce\u5929\u715e", 
            "res_type": "kkres", 
            "version": 1, 
            "describe": 134241826, 
            "key": 134241826, 
            "res_identify": "", 
            "scale": 1.0, 
            "uid": 134241826, 
            "md5": "57e7e65e6e2215b1e16280e1a6be57bd"
        }, 
        "model": {
            "name": "\u9ed1\u98ce\u5929\u715e", 
            "model_id": 134241826, 
            "meshes": [], 
            "effect_path": "Fx_Effect/Realism/Fx_Skill/Wind/3b8f2cb8-85e5-4f57-8622-0ea9fcc88c73", 
            "custom": true, 
            "effect_keep": true, 
            "effect_max_life": -1, 
            "is_beam_effect": false
        }
    }, 
    "res_type": "editor_effect", 
    "import_export_folder_info": "/code_explorer_custom_root_folder_name"
}