{
    "134225379": {
        "editor_effect": {
            "model_id": 134230225, 
            "preview_icon": "", 
            "name": "\u95ea\u7535\u94fe", 
            "describe": 134225379, 
            "key": 134225379, 
            "res_type": "kkres", 
            "res_identify": "", 
            "scale": 1.0, 
            "uid": "134225379", 
            "source_effect": [
                102455, 
                102455, 
                103538
            ], 
            "version": 1, 
            "md5": "1d532dff5fde44b2e953b7c2c1cafede"
        }, 
        "model": {
            "name": "\u95ea\u7535\u7403", 
            "model_id": 134230225, 
            "effect_path": "Fx_Effect/OtherType/Other_Type_blank_copy_22", 
            "meshes": [], 
            "custom": true, 
            "effect_keep": false, 
            "effect_max_life": 1.549999976, 
            "is_beam_effect": false
        }
    }, 
    "res_type": "editor_effect", 
    "import_export_folder_info": "/code_explorer_custom_root_folder_name/\u95ea\u7535\u7403"
}