{
    "134261863": {
        "editor_effect": {
            "model_id": 134261863, 
            "name": "\u91d1\u8272\u7206\u70b8", 
            "res_type": "kkres", 
            "version": 1, 
            "describe": 134261863, 
            "key": 134261863, 
            "res_identify": "", 
            "scale": 1.0, 
            "uid": 134261863, 
            "md5": "b3fe26c1c4b2fd8986d101a08839ed00", 
            "source_effect": 103608
        }, 
        "model": {
            "name": "\u91d1\u8272\u7206\u70b8", 
            "model_id": 134261863, 
            "meshes": [], 
            "effect_path": "Fx_Effect/LuoLin/Fx_Skill/Holy/Holy_LuoLing_boss03_skill_03_copy", 
            "custom": true, 
            "effect_keep": false, 
            "effect_max_life": 1.20000005, 
            "is_beam_effect": false
        }
    }, 
    "res_type": "editor_effect", 
    "import_export_folder_info": "/code_explorer_custom_root_folder_name"
}