{
    "134263708": {
        "editor_effect": {
            "model_id": 134263708, 
            "name": "\u91d1\u8272\u4e0b\u843d\u6cd5\u9635", 
            "res_type": "kkres", 
            "version": 1, 
            "describe": 134263708, 
            "key": 134263708, 
            "res_identify": "", 
            "scale": 1.0, 
            "uid": 134263708, 
            "md5": "5f1d443bc7558649a11bfac75aac386a", 
            "source_effect": 103064
        }, 
        "model": {
            "name": "\u91d1\u8272\u4e0b\u843d\u6cd5\u9635", 
            "model_id": 134263708, 
            "meshes": [], 
            "effect_path": "Fx_Effect/Realism/Fx_Skill/Light/Light_X1_lx_kssj_a0001_copy", 
            "custom": true, 
            "effect_keep": false, 
            "effect_max_life": 1.3500000120000002, 
            "is_beam_effect": false
        }
    }, 
    "res_type": "editor_effect", 
    "import_export_folder_info": "/code_explorer_custom_root_folder_name"
}