{
    "134274727": {
        "editor_effect": {
            "model_id": 134274727, 
            "name": "\u6295\u77db\u62a4\u536b\u6295\u63b7\u7269", 
            "res_type": "kkres", 
            "version": 1, 
            "describe": 134274727, 
            "key": 134274727, 
            "res_identify": "", 
            "scale": 1.0, 
            "uid": 134274727, 
            "md5": "8b6a1fc8b61a723d8cfa3fd7b4fafad0"
        }, 
        "model": {
            "name": "\u6295\u77db\u62a4\u536b\u6295\u63b7\u7269", 
            "model_id": 134274727, 
            "meshes": [], 
            "effect_path": "Fx_Effect/Overseas/Fx_Skill/Ballistic/b9ada4bd-6032-41f4-b673-8ff5ae2f7baf", 
            "custom": true, 
            "effect_keep": true, 
            "effect_max_life": -1, 
            "is_beam_effect": false
        }
    }, 
    "res_type": "editor_effect", 
    "import_export_folder_info": "/code_explorer_custom_root_folder_name"
}