{
    "134227245": {
        "editor_effect": {
            "describe": 134227245, 
            "key": 134227245, 
            "md5": "eb561f229813a02ec0fdd25f1881b478", 
            "model_id": 134239135, 
            "name": "\u81f3\u6b7b\u65b9\u4f11", 
            "preview_icon": "", 
            "res_identify": "", 
            "res_type": "kkres", 
            "scale": 1.0, 
            "source_effect": [
                103868
            ], 
            "uid": "134227245", 
            "version": 1
        }, 
        "model": {
            "custom": true, 
            "effect_keep": false, 
            "effect_max_life": 4.0, 
            "effect_path": "Fx_Effect/S6/Fx_Common/Boom/Boom_S6_smoke_a0002_copy", 
            "is_beam_effect": false, 
            "meshes": [], 
            "model_id": 134239135, 
            "name": "\u81f3\u6b7b\u65b9\u4f11"
        }
    }, 
    "res_type": "editor_effect", 
    "import_export_folder_info": "/code_explorer_custom_root_folder_name"
}