{
    "134241264": {
        "editor_effect": {
            "model_id": 134241264, 
            "name": "\u62a4\u536b\u672f\u58eb\u6295\u63b7\u7269_1", 
            "res_type": "kkres", 
            "version": 1, 
            "describe": 134263686, 
            "key": 134241264, 
            "res_identify": "", 
            "scale": 1.0, 
            "uid": 134241264, 
            "md5": "3f9a853a729d6b86f93f5db8ac533ae7"
        }, 
        "model": {
            "name": "\u62a4\u536b\u672f\u58eb\u6295\u63b7\u7269_1", 
            "model_id": 134241264, 
            "meshes": [], 
            "effect_path": "Fx_Effect/Cartoon/Fx_Skill/Electric/Electric_skill_b_06_b_01_copy", 
            "custom": true, 
            "effect_keep": false, 
            "effect_max_life": 1.690000066, 
            "is_beam_effect": false
        }
    }, 
    "res_type": "editor_effect", 
    "import_export_folder_info": "/code_explorer_custom_root_folder_name"
}