{
    "134272509": {
        "editor_effect": {
            "model_id": 134272509, 
            "name": "\u7b79\u7b56\u6295\u63b7\u7269_1", 
            "res_type": "kkres", 
            "version": 1, 
            "describe": 134260367, 
            "key": 134272509, 
            "res_identify": "", 
            "scale": 1.0, 
            "uid": 134272509, 
            "md5": "555919bcc48abf21f7169e0e9e67f578"
        }, 
        "model": {
            "name": "\u7b79\u7b56\u6295\u63b7\u7269_1", 
            "model_id": 134272509, 
            "meshes": [], 
            "effect_path": "Fx_Effect/Realism/Fx_Skill/Ballistic/Ballistic_X1_diaochan_jhsy_001_copy", 
            "custom": true, 
            "effect_keep": true, 
            "effect_max_life": -1, 
            "is_beam_effect": false
        }
    }, 
    "res_type": "editor_effect", 
    "import_export_folder_info": "/code_explorer_custom_root_folder_name"
}