<?xml version="1.0" encoding="utf-8"?>
<Resource>
	<Version>2</Version>
	<SMaterialData>
		<Root>
			<Sub/>
			<Entity type="SMaterialData">
				<name/>
				<info>
					<Layers count="17" ordered="true">
						<Element index="0">
							<LayerName>long_submat</LayerName>
							<ShaderName>Particle</ShaderName>
							<Parameters count="11" ordered="true">
								<Element index="0">
									<Name>DiffuseTexture</Name>
									<Value>ffffffff-0100-0000-0100-000047000000</Value>
								</Element>
								<Element index="1">
									<Name>InvFadeDistance</Name>
									<Value>0</Value>
								</Element>
								<Element index="2">
									<Name>ModulateColor</Name>
									<Value>(1.0, 1.0, 1.0, 1.0)</Value>
								</Element>
								<Element index="3">
									<Name>Soft</Name>
									<Value>0</Value>
								</Element>
								<Element index="4">
									<Name>HDRScale</Name>
									<Value>2</Value>
								</Element>
								<Element index="5">
									<Name>UVScale</Name>
									<Value>(1, 1)</Value>
								</Element>
								<Element index="6">
									<Name>Local</Name>
									<Value>1</Value>
								</Element>
								<Element index="7">
									<Name>BloomScale</Name>
									<Value>0.5</Value>
								</Element>
								<Element index="8">
									<Name>FogStrength</Name>
									<Value>0</Value>
								</Element>
								<Element index="9">
									<Name>DepthBias</Name>
									<Value>0</Value>
								</Element>
								<Element index="10">
									<Name>Distortion</Name>
									<Value>0</Value>
								</Element>
							</Parameters>
							<MultiPassMaterials count="0" ordered="true"/>
						</Element>
						<Element index="1">
							<LayerName>__long02__C_submat</LayerName>
							<ShaderName>Effect/Fresnel</ShaderName>
							<Parameters count="21" ordered="true">
								<Element index="0">
									<Name>DepthBuffer</Name>
									<Value>00000000-0000-0000-0000-000000000000</Value>
								</Element>
								<Element index="1">
									<Name>DiffuseTexture</Name>
									<Value>00000000-0000-0000-0000-000000000000</Value>
								</Element>
								<Element index="2">
									<Name>MaskTexture</Name>
									<Value>00000000-0000-0000-0000-000000000000</Value>
								</Element>
								<Element index="3">
									<Name>SSProfilesTextureGlobel</Name>
									<Value>00000000-0000-0000-0000-000000000000</Value>
								</Element>
								<Element index="4">
									<Name>TwistTexture</Name>
									<Value>00000000-0000-0000-0000-000000000000</Value>
								</Element>
								<Element index="5">
									<Name>tIRVDayTextureA</Name>
									<Value>00000000-0000-0000-0000-000000000000</Value>
								</Element>
								<Element index="6">
									<Name>tIRVNightTextureA</Name>
									<Value>00000000-0000-0000-0000-000000000000</Value>
								</Element>
								<Element index="7">
									<Name>tScatteringAndTransmittanceVolume</Name>
									<Value>00000000-0000-0000-0000-000000000000</Value>
								</Element>
								<Element index="8">
									<Name>tShadowMapArray</Name>
									<Value>00000000-0000-0000-0000-000000000000</Value>
								</Element>
								<Element index="9">
									<Name>DepthBias</Name>
									<Value>0</Value>
								</Element>
								<Element index="10">
									<Name>FresnelPower</Name>
									<Value>0.7</Value>
								</Element>
								<Element index="11">
									<Name>TwistUVScolling</Name>
									<Value>(1, 1, 0, 0)</Value>
								</Element>
								<Element index="12">
									<Name>FresnelAlpha</Name>
									<Value>2</Value>
								</Element>
								<Element index="13">
									<Name>TwistStrength</Name>
									<Value>(0.10000000149011612, 0.10000000149011612)</Value>
								</Element>
								<Element index="14">
									<Name>HDRScale</Name>
									<Value>0.6</Value>
								</Element>
								<Element index="15">
									<Name>InvFadeDistance</Name>
									<Value>0</Value>
								</Element>
								<Element index="16">
									<Name>ModulateColor</Name>
									<Value>(5, 5, 5, 0)</Value>
								</Element>
								<Element index="17">
									<Name>DiffuseUVScolling</Name>
									<Value>(1, 1, 0, 0)</Value>
								</Element>
								<Element index="18">
									<Name>Soft</Name>
									<Value>0</Value>
								</Element>
								<Element index="19">
									<Name>FogStrength</Name>
									<Value>0</Value>
								</Element>
								<Element index="20">
									<Name>BloomScale</Name>
									<Value>0.5</Value>
								</Element>
							</Parameters>
							<MultiPassMaterials count="0" ordered="true"/>
						</Element>
						<Element index="2">
							<LayerName>__long__D_submat</LayerName>
							<ShaderName>Effect/Basic</ShaderName>
							<Parameters count="13" ordered="true">
								<Element index="0">
									<Name>DepthBuffer</Name>
									<Value>00000000-0000-0000-0000-000000000000</Value>
								</Element>
								<Element index="1">
									<Name>DiffuseTexture</Name>
									<Value>96df322b-3076-4ed0-8605-9df3dbbcf67c</Value>
								</Element>
								<Element index="2">
									<Name>SSProfilesTextureGlobel</Name>
									<Value>00000000-0000-0000-0000-000000000000</Value>
								</Element>
								<Element index="3">
									<Name>ScreenTexture</Name>
									<Value>00000000-0000-0000-0000-000000000000</Value>
								</Element>
								<Element index="4">
									<Name>tIRVDayTextureA</Name>
									<Value>00000000-0000-0000-0000-000000000000</Value>
								</Element>
								<Element index="5">
									<Name>tIRVNightTextureA</Name>
									<Value>00000000-0000-0000-0000-000000000000</Value>
								</Element>
								<Element index="6">
									<Name>tScatteringAndTransmittanceVolume</Name>
									<Value>00000000-0000-0000-0000-000000000000</Value>
								</Element>
								<Element index="7">
									<Name>tShadowMapArray</Name>
									<Value>00000000-0000-0000-0000-000000000000</Value>
								</Element>
								<Element index="8">
									<Name>FogStrength</Name>
									<Value>0</Value>
								</Element>
								<Element index="9">
									<Name>ModulateColor</Name>
									<Value>(4, 4, 4, 0.5)</Value>
								</Element>
								<Element index="10">
									<Name>HDRScale</Name>
									<Value>0.9</Value>
								</Element>
								<Element index="11">
									<Name>DepthBias</Name>
									<Value>0</Value>
								</Element>
								<Element index="12">
									<Name>BloomScale</Name>
									<Value>0.5</Value>
								</Element>
							</Parameters>
							<MultiPassMaterials count="0" ordered="true"/>
						</Element>
						<Element index="3">
							<LayerName>M_daoguang02_submat</LayerName>
							<ShaderName>Effect/Twisted</ShaderName>
							<Parameters count="18" ordered="true">
								<Element index="0">
									<Name>DepthBuffer</Name>
									<Value>00000000-0000-0000-0000-000000000000</Value>
								</Element>
								<Element index="1">
									<Name>DiffuseTexture</Name>
									<Value>873d7dc2-adb3-41a1-b435-d854bb8bb73b</Value>
								</Element>
								<Element index="2">
									<Name>MaskTexture</Name>
									<Value>a7785c44-7a37-4260-88ad-f390b4dac419</Value>
								</Element>
								<Element index="3">
									<Name>SSProfilesTextureGlobel</Name>
									<Value>00000000-0000-0000-0000-000000000000</Value>
								</Element>
								<Element index="4">
									<Name>TwistTexture</Name>
									<Value>39ea7eea-d9eb-53a4-8720-09d0fa794aed</Value>
								</Element>
								<Element index="5">
									<Name>tIRVDayTextureA</Name>
									<Value>00000000-0000-0000-0000-000000000000</Value>
								</Element>
								<Element index="6">
									<Name>tIRVNightTextureA</Name>
									<Value>00000000-0000-0000-0000-000000000000</Value>
								</Element>
								<Element index="7">
									<Name>tScatteringAndTransmittanceVolume</Name>
									<Value>00000000-0000-0000-0000-000000000000</Value>
								</Element>
								<Element index="8">
									<Name>tShadowMapArray</Name>
									<Value>00000000-0000-0000-0000-000000000000</Value>
								</Element>
								<Element index="9">
									<Name>TwistUVScolling</Name>
									<Value>(1, 1, 0, 0)</Value>
								</Element>
								<Element index="10">
									<Name>Soft</Name>
									<Value>0</Value>
								</Element>
								<Element index="11">
									<Name>DepthBias</Name>
									<Value>0</Value>
								</Element>
								<Element index="12">
									<Name>HDRScale</Name>
									<Value>2</Value>
								</Element>
								<Element index="13">
									<Name>FogStrength</Name>
									<Value>0</Value>
								</Element>
								<Element index="14">
									<Name>TwistStrength</Name>
									<Value>(0.05, 0)</Value>
								</Element>
								<Element index="15">
									<Name>ModulateColor</Name>
									<Value>(0.0, 5.0, 5.0, 20.0)</Value>
								</Element>
								<Element index="16">
									<Name>DiffuseUVScolling</Name>
									<Value>(2, 1, 0, 0.6)</Value>
								</Element>
								<Element index="17">
									<Name>BloomScale</Name>
									<Value>0.5</Value>
								</Element>
							</Parameters>
							<MultiPassMaterials count="0" ordered="true"/>
						</Element>
						<Element index="4">
							<LayerName>dilie_submat</LayerName>
							<ShaderName>Particle</ShaderName>
							<Parameters count="11" ordered="true">
								<Element index="0">
									<Name>DiffuseTexture</Name>
									<Value>ffffffff-0100-0000-0100-000047000000</Value>
								</Element>
								<Element index="1">
									<Name>InvFadeDistance</Name>
									<Value>0</Value>
								</Element>
								<Element index="2">
									<Name>ModulateColor</Name>
									<Value>(1.0, 0.0, 1.0, 1.0)</Value>
								</Element>
								<Element index="3">
									<Name>Soft</Name>
									<Value>0</Value>
								</Element>
								<Element index="4">
									<Name>HDRScale</Name>
									<Value>2</Value>
								</Element>
								<Element index="5">
									<Name>UVScale</Name>
									<Value>(1, 1)</Value>
								</Element>
								<Element index="6">
									<Name>Local</Name>
									<Value>1</Value>
								</Element>
								<Element index="7">
									<Name>BloomScale</Name>
									<Value>0.5</Value>
								</Element>
								<Element index="8">
									<Name>FogStrength</Name>
									<Value>0</Value>
								</Element>
								<Element index="9">
									<Name>DepthBias</Name>
									<Value>0</Value>
								</Element>
								<Element index="10">
									<Name>Distortion</Name>
									<Value>0</Value>
								</Element>
							</Parameters>
							<MultiPassMaterials count="0" ordered="true"/>
						</Element>
						<Element index="5">
							<LayerName>Model_Light02_submat</LayerName>
							<ShaderName>Effect/Twisted</ShaderName>
							<Parameters count="15" ordered="true">
								<Element index="0">
									<Name>DepthBuffer</Name>
									<Value>00000000-0000-0000-0000-000000000000</Value>
								</Element>
								<Element index="1">
									<Name>DiffuseTexture</Name>
									<Value>308fb335-3026-48c7-82c7-a2fe9cc414f4</Value>
								</Element>
								<Element index="2">
									<Name>MaskTexture</Name>
									<Value>308fb335-3026-48c7-82c7-a2fe9cc414f4</Value>
								</Element>
								<Element index="3">
									<Name>TwistTexture</Name>
									<Value>00000000-0000-0000-0000-000000000000</Value>
								</Element>
								<Element index="4">
									<Name>tScatteringAndTransmittanceVolume</Name>
									<Value>00000000-0000-0000-0000-000000000000</Value>
								</Element>
								<Element index="5">
									<Name>tShadowMapArray</Name>
									<Value>00000000-0000-0000-0000-000000000000</Value>
								</Element>
								<Element index="6">
									<Name>TwistUVScolling</Name>
									<Value>(1, 1, 0, 0)</Value>
								</Element>
								<Element index="7">
									<Name>Soft</Name>
									<Value>0</Value>
								</Element>
								<Element index="8">
									<Name>DepthBias</Name>
									<Value>0</Value>
								</Element>
								<Element index="9">
									<Name>HDRScale</Name>
									<Value>2</Value>
								</Element>
								<Element index="10">
									<Name>FogStrength</Name>
									<Value>0</Value>
								</Element>
								<Element index="11">
									<Name>TwistStrength</Name>
									<Value>(0, 0)</Value>
								</Element>
								<Element index="12">
									<Name>ModulateColor</Name>
									<Value>(1, 1, 1, 0.3)</Value>
								</Element>
								<Element index="13">
									<Name>DiffuseUVScolling</Name>
									<Value>(0.8, 1, 0, 0)</Value>
								</Element>
								<Element index="14">
									<Name>BloomScale</Name>
									<Value>0.5</Value>
								</Element>
							</Parameters>
							<MultiPassMaterials count="0" ordered="true"/>
						</Element>
						<Element index="6">
							<LayerName>spark03_submat</LayerName>
							<ShaderName>Particle</ShaderName>
							<Parameters count="15" ordered="true">
								<Element index="0">
									<Name>DepthBuffer</Name>
									<Value>00000000-0000-0000-0000-000000000000</Value>
								</Element>
								<Element index="1">
									<Name>DiffuseTexture</Name>
									<Value>bbd061e3-18fc-4cd0-b444-eb12d6689340</Value>
								</Element>
								<Element index="2">
									<Name>ScreenTexture</Name>
									<Value>00000000-0000-0000-0000-000000000000</Value>
								</Element>
								<Element index="3">
									<Name>tScatteringAndTransmittanceVolume</Name>
									<Value>00000000-0000-0000-0000-000000000000</Value>
								</Element>
								<Element index="4">
									<Name>tShadowMapArray</Name>
									<Value>00000000-0000-0000-0000-000000000000</Value>
								</Element>
								<Element index="5">
									<Name>InvFadeDistance</Name>
									<Value>2</Value>
								</Element>
								<Element index="6">
									<Name>ModulateColor</Name>
									<Value>(10, 25, 50, 1)</Value>
								</Element>
								<Element index="7">
									<Name>Soft</Name>
									<Value>true</Value>
								</Element>
								<Element index="8">
									<Name>HDRScale</Name>
									<Value>2</Value>
								</Element>
								<Element index="9">
									<Name>UVScale</Name>
									<Value>(1, 1)</Value>
								</Element>
								<Element index="10">
									<Name>Local</Name>
									<Value>false</Value>
								</Element>
								<Element index="11">
									<Name>BloomScale</Name>
									<Value>0.5</Value>
								</Element>
								<Element index="12">
									<Name>FogStrength</Name>
									<Value>0</Value>
								</Element>
								<Element index="13">
									<Name>DepthBias</Name>
									<Value>0</Value>
								</Element>
								<Element index="14">
									<Name>Distortion</Name>
									<Value>0</Value>
								</Element>
							</Parameters>
							<MultiPassMaterials count="0" ordered="true"/>
						</Element>
						<Element index="7">
							<LayerName>spark04_submat</LayerName>
							<ShaderName>Particle</ShaderName>
							<Parameters count="15" ordered="true">
								<Element index="0">
									<Name>DepthBuffer</Name>
									<Value>00000000-0000-0000-0000-000000000000</Value>
								</Element>
								<Element index="1">
									<Name>DiffuseTexture</Name>
									<Value>bbd061e3-18fc-4cd0-b444-eb12d6689340</Value>
								</Element>
								<Element index="2">
									<Name>ScreenTexture</Name>
									<Value>00000000-0000-0000-0000-000000000000</Value>
								</Element>
								<Element index="3">
									<Name>tScatteringAndTransmittanceVolume</Name>
									<Value>00000000-0000-0000-0000-000000000000</Value>
								</Element>
								<Element index="4">
									<Name>tShadowMapArray</Name>
									<Value>00000000-0000-0000-0000-000000000000</Value>
								</Element>
								<Element index="5">
									<Name>InvFadeDistance</Name>
									<Value>2</Value>
								</Element>
								<Element index="6">
									<Name>ModulateColor</Name>
									<Value>(10, 25, 50, 1)</Value>
								</Element>
								<Element index="7">
									<Name>Soft</Name>
									<Value>true</Value>
								</Element>
								<Element index="8">
									<Name>HDRScale</Name>
									<Value>2</Value>
								</Element>
								<Element index="9">
									<Name>UVScale</Name>
									<Value>(1, 1)</Value>
								</Element>
								<Element index="10">
									<Name>Local</Name>
									<Value>false</Value>
								</Element>
								<Element index="11">
									<Name>BloomScale</Name>
									<Value>0.5</Value>
								</Element>
								<Element index="12">
									<Name>FogStrength</Name>
									<Value>0</Value>
								</Element>
								<Element index="13">
									<Name>DepthBias</Name>
									<Value>0</Value>
								</Element>
								<Element index="14">
									<Name>Distortion</Name>
									<Value>0</Value>
								</Element>
							</Parameters>
							<MultiPassMaterials count="0" ordered="true"/>
						</Element>
						<Element index="8">
							<LayerName>glow01_submat</LayerName>
							<ShaderName>Particle</ShaderName>
							<Parameters count="15" ordered="true">
								<Element index="0">
									<Name>DepthBuffer</Name>
									<Value>00000000-0000-0000-0000-000000000000</Value>
								</Element>
								<Element index="1">
									<Name>DiffuseTexture</Name>
									<Value>f7d2092d-e7d0-4ec5-a2e0-83ad1de0fd02</Value>
								</Element>
								<Element index="2">
									<Name>ScreenTexture</Name>
									<Value>00000000-0000-0000-0000-000000000000</Value>
								</Element>
								<Element index="3">
									<Name>tScatteringAndTransmittanceVolume</Name>
									<Value>00000000-0000-0000-0000-000000000000</Value>
								</Element>
								<Element index="4">
									<Name>tShadowMapArray</Name>
									<Value>00000000-0000-0000-0000-000000000000</Value>
								</Element>
								<Element index="5">
									<Name>InvFadeDistance</Name>
									<Value>0</Value>
								</Element>
								<Element index="6">
									<Name>ModulateColor</Name>
									<Value>(5, 5, 5, 1)</Value>
								</Element>
								<Element index="7">
									<Name>Soft</Name>
									<Value>0</Value>
								</Element>
								<Element index="8">
									<Name>HDRScale</Name>
									<Value>2</Value>
								</Element>
								<Element index="9">
									<Name>UVScale</Name>
									<Value>(1, 1)</Value>
								</Element>
								<Element index="10">
									<Name>Local</Name>
									<Value>1</Value>
								</Element>
								<Element index="11">
									<Name>BloomScale</Name>
									<Value>0.5</Value>
								</Element>
								<Element index="12">
									<Name>FogStrength</Name>
									<Value>0</Value>
								</Element>
								<Element index="13">
									<Name>DepthBias</Name>
									<Value>0</Value>
								</Element>
								<Element index="14">
									<Name>Distortion</Name>
									<Value>0</Value>
								</Element>
							</Parameters>
							<MultiPassMaterials count="0" ordered="true"/>
						</Element>
						<Element index="9">
							<LayerName>decal02_submat</LayerName>
							<ShaderName>Decal</ShaderName>
							<Parameters count="8" ordered="true">
								<Element index="0">
									<Name>DepthBuffer</Name>
									<Value>00000000-0000-0000-0000-000000000000</Value>
								</Element>
								<Element index="1">
									<Name>DiffuseTexture</Name>
									<Value>b8ad2f8b-56ca-4551-b0ea-d1609a015e5c</Value>
								</Element>
								<Element index="2">
									<Name>MaskTexture</Name>
									<Value>00000000-0000-0000-0000-000000000000</Value>
								</Element>
								<Element index="3">
									<Name>Width</Name>
									<Value>1</Value>
								</Element>
								<Element index="4">
									<Name>CircleMode</Name>
									<Value>0</Value>
								</Element>
								<Element index="5">
									<Name>BloomScale</Name>
									<Value>0.5</Value>
								</Element>
								<Element index="6">
									<Name>MaskUVScrolling</Name>
									<Value>(1, 1, 0, 0)</Value>
								</Element>
								<Element index="7">
									<Name>ModulateColor</Name>
									<Value>(6, 6, 6, 2)</Value>
								</Element>
							</Parameters>
							<MultiPassMaterials count="0" ordered="true"/>
						</Element>
						<Element index="10">
							<LayerName>smoke01_submat</LayerName>
							<ShaderName>Particle</ShaderName>
							<Parameters count="15" ordered="true">
								<Element index="0">
									<Name>DepthBuffer</Name>
									<Value>00000000-0000-0000-0000-000000000000</Value>
								</Element>
								<Element index="1">
									<Name>DiffuseTexture</Name>
									<Value>3f10e16a-e854-47eb-9084-8fed7c884670</Value>
								</Element>
								<Element index="2">
									<Name>ScreenTexture</Name>
									<Value>00000000-0000-0000-0000-000000000000</Value>
								</Element>
								<Element index="3">
									<Name>tScatteringAndTransmittanceVolume</Name>
									<Value>00000000-0000-0000-0000-000000000000</Value>
								</Element>
								<Element index="4">
									<Name>tShadowMapArray</Name>
									<Value>00000000-0000-0000-0000-000000000000</Value>
								</Element>
								<Element index="5">
									<Name>InvFadeDistance</Name>
									<Value>2</Value>
								</Element>
								<Element index="6">
									<Name>ModulateColor</Name>
									<Value>(1, 1, 1, 0.5)</Value>
								</Element>
								<Element index="7">
									<Name>Soft</Name>
									<Value>true</Value>
								</Element>
								<Element index="8">
									<Name>HDRScale</Name>
									<Value>2</Value>
								</Element>
								<Element index="9">
									<Name>UVScale</Name>
									<Value>(1, 1)</Value>
								</Element>
								<Element index="10">
									<Name>Local</Name>
									<Value>1</Value>
								</Element>
								<Element index="11">
									<Name>BloomScale</Name>
									<Value>0.5</Value>
								</Element>
								<Element index="12">
									<Name>FogStrength</Name>
									<Value>0</Value>
								</Element>
								<Element index="13">
									<Name>DepthBias</Name>
									<Value>0</Value>
								</Element>
								<Element index="14">
									<Name>Distortion</Name>
									<Value>0</Value>
								</Element>
							</Parameters>
							<MultiPassMaterials count="0" ordered="true"/>
						</Element>
						<Element index="11">
							<LayerName>smoke02_submat</LayerName>
							<ShaderName>Particle</ShaderName>
							<Parameters count="15" ordered="true">
								<Element index="0">
									<Name>DepthBuffer</Name>
									<Value>00000000-0000-0000-0000-000000000000</Value>
								</Element>
								<Element index="1">
									<Name>DiffuseTexture</Name>
									<Value>3f10e16a-e854-47eb-9084-8fed7c884670</Value>
								</Element>
								<Element index="2">
									<Name>ScreenTexture</Name>
									<Value>00000000-0000-0000-0000-000000000000</Value>
								</Element>
								<Element index="3">
									<Name>tScatteringAndTransmittanceVolume</Name>
									<Value>00000000-0000-0000-0000-000000000000</Value>
								</Element>
								<Element index="4">
									<Name>tShadowMapArray</Name>
									<Value>00000000-0000-0000-0000-000000000000</Value>
								</Element>
								<Element index="5">
									<Name>InvFadeDistance</Name>
									<Value>2</Value>
								</Element>
								<Element index="6">
									<Name>ModulateColor</Name>
									<Value>(1, 1, 1, 0.5)</Value>
								</Element>
								<Element index="7">
									<Name>Soft</Name>
									<Value>true</Value>
								</Element>
								<Element index="8">
									<Name>HDRScale</Name>
									<Value>2</Value>
								</Element>
								<Element index="9">
									<Name>UVScale</Name>
									<Value>(1, 1)</Value>
								</Element>
								<Element index="10">
									<Name>Local</Name>
									<Value>1</Value>
								</Element>
								<Element index="11">
									<Name>BloomScale</Name>
									<Value>0.5</Value>
								</Element>
								<Element index="12">
									<Name>FogStrength</Name>
									<Value>0</Value>
								</Element>
								<Element index="13">
									<Name>DepthBias</Name>
									<Value>0</Value>
								</Element>
								<Element index="14">
									<Name>Distortion</Name>
									<Value>0</Value>
								</Element>
							</Parameters>
							<MultiPassMaterials count="0" ordered="true"/>
						</Element>
						<Element index="12">
							<LayerName>stone01_submat</LayerName>
							<ShaderName>Particle</ShaderName>
							<Parameters count="15" ordered="true">
								<Element index="0">
									<Name>DepthBuffer</Name>
									<Value>00000000-0000-0000-0000-000000000000</Value>
								</Element>
								<Element index="1">
									<Name>DiffuseTexture</Name>
									<Value>0152ebcd-78fc-591c-9a91-7793fd8fc9b7</Value>
								</Element>
								<Element index="2">
									<Name>ScreenTexture</Name>
									<Value>00000000-0000-0000-0000-000000000000</Value>
								</Element>
								<Element index="3">
									<Name>tScatteringAndTransmittanceVolume</Name>
									<Value>00000000-0000-0000-0000-000000000000</Value>
								</Element>
								<Element index="4">
									<Name>tShadowMapArray</Name>
									<Value>00000000-0000-0000-0000-000000000000</Value>
								</Element>
								<Element index="5">
									<Name>InvFadeDistance</Name>
									<Value>2</Value>
								</Element>
								<Element index="6">
									<Name>ModulateColor</Name>
									<Value>(1.0, 1.0, 1.0, 1.0)</Value>
								</Element>
								<Element index="7">
									<Name>Soft</Name>
									<Value>true</Value>
								</Element>
								<Element index="8">
									<Name>HDRScale</Name>
									<Value>2</Value>
								</Element>
								<Element index="9">
									<Name>UVScale</Name>
									<Value>(1, 1)</Value>
								</Element>
								<Element index="10">
									<Name>Local</Name>
									<Value>false</Value>
								</Element>
								<Element index="11">
									<Name>BloomScale</Name>
									<Value>0.5</Value>
								</Element>
								<Element index="12">
									<Name>FogStrength</Name>
									<Value>0</Value>
								</Element>
								<Element index="13">
									<Name>DepthBias</Name>
									<Value>0</Value>
								</Element>
								<Element index="14">
									<Name>Distortion</Name>
									<Value>0</Value>
								</Element>
							</Parameters>
							<MultiPassMaterials count="0" ordered="true"/>
						</Element>
						<Element index="13">
							<LayerName>spark01_submat</LayerName>
							<ShaderName>Particle</ShaderName>
							<Parameters count="15" ordered="true">
								<Element index="0">
									<Name>DepthBuffer</Name>
									<Value>00000000-0000-0000-0000-000000000000</Value>
								</Element>
								<Element index="1">
									<Name>DiffuseTexture</Name>
									<Value>bbd061e3-18fc-4cd0-b444-eb12d6689340</Value>
								</Element>
								<Element index="2">
									<Name>ScreenTexture</Name>
									<Value>00000000-0000-0000-0000-000000000000</Value>
								</Element>
								<Element index="3">
									<Name>tScatteringAndTransmittanceVolume</Name>
									<Value>00000000-0000-0000-0000-000000000000</Value>
								</Element>
								<Element index="4">
									<Name>tShadowMapArray</Name>
									<Value>00000000-0000-0000-0000-000000000000</Value>
								</Element>
								<Element index="5">
									<Name>InvFadeDistance</Name>
									<Value>2</Value>
								</Element>
								<Element index="6">
									<Name>ModulateColor</Name>
									<Value>(10, 25, 50, 1)</Value>
								</Element>
								<Element index="7">
									<Name>Soft</Name>
									<Value>true</Value>
								</Element>
								<Element index="8">
									<Name>HDRScale</Name>
									<Value>2</Value>
								</Element>
								<Element index="9">
									<Name>UVScale</Name>
									<Value>(1, 1)</Value>
								</Element>
								<Element index="10">
									<Name>Local</Name>
									<Value>false</Value>
								</Element>
								<Element index="11">
									<Name>BloomScale</Name>
									<Value>0.5</Value>
								</Element>
								<Element index="12">
									<Name>FogStrength</Name>
									<Value>0</Value>
								</Element>
								<Element index="13">
									<Name>DepthBias</Name>
									<Value>0</Value>
								</Element>
								<Element index="14">
									<Name>Distortion</Name>
									<Value>0</Value>
								</Element>
							</Parameters>
							<MultiPassMaterials count="0" ordered="true"/>
						</Element>
						<Element index="14">
							<LayerName>Model_Light_submat</LayerName>
							<ShaderName>Effect/Twisted</ShaderName>
							<Parameters count="15" ordered="true">
								<Element index="0">
									<Name>DepthBuffer</Name>
									<Value>00000000-0000-0000-0000-000000000000</Value>
								</Element>
								<Element index="1">
									<Name>DiffuseTexture</Name>
									<Value>b4d8c09c-3dd7-4d24-8f86-848a3e370b70</Value>
								</Element>
								<Element index="2">
									<Name>MaskTexture</Name>
									<Value>00000000-0000-0000-0000-000000000000</Value>
								</Element>
								<Element index="3">
									<Name>TwistTexture</Name>
									<Value>00000000-0000-0000-0000-000000000000</Value>
								</Element>
								<Element index="4">
									<Name>tScatteringAndTransmittanceVolume</Name>
									<Value>00000000-0000-0000-0000-000000000000</Value>
								</Element>
								<Element index="5">
									<Name>tShadowMapArray</Name>
									<Value>00000000-0000-0000-0000-000000000000</Value>
								</Element>
								<Element index="6">
									<Name>TwistUVScolling</Name>
									<Value>(1, 1, 0, 0)</Value>
								</Element>
								<Element index="7">
									<Name>Soft</Name>
									<Value>0</Value>
								</Element>
								<Element index="8">
									<Name>DepthBias</Name>
									<Value>0</Value>
								</Element>
								<Element index="9">
									<Name>HDRScale</Name>
									<Value>2</Value>
								</Element>
								<Element index="10">
									<Name>FogStrength</Name>
									<Value>0</Value>
								</Element>
								<Element index="11">
									<Name>TwistStrength</Name>
									<Value>(0, 0)</Value>
								</Element>
								<Element index="12">
									<Name>ModulateColor</Name>
									<Value>(1.5, 3, 3, 1)</Value>
								</Element>
								<Element index="13">
									<Name>DiffuseUVScolling</Name>
									<Value>(0.8, 1, 0.1, 0)</Value>
								</Element>
								<Element index="14">
									<Name>BloomScale</Name>
									<Value>0.5</Value>
								</Element>
							</Parameters>
							<MultiPassMaterials count="0" ordered="true"/>
						</Element>
						<Element index="15">
							<LayerName>spark02_submat</LayerName>
							<ShaderName>Particle</ShaderName>
							<Parameters count="15" ordered="true">
								<Element index="0">
									<Name>DepthBuffer</Name>
									<Value>00000000-0000-0000-0000-000000000000</Value>
								</Element>
								<Element index="1">
									<Name>DiffuseTexture</Name>
									<Value>9ce39a6f-7616-434b-8e61-bf4cf821d9d5</Value>
								</Element>
								<Element index="2">
									<Name>ScreenTexture</Name>
									<Value>00000000-0000-0000-0000-000000000000</Value>
								</Element>
								<Element index="3">
									<Name>tScatteringAndTransmittanceVolume</Name>
									<Value>00000000-0000-0000-0000-000000000000</Value>
								</Element>
								<Element index="4">
									<Name>tShadowMapArray</Name>
									<Value>00000000-0000-0000-0000-000000000000</Value>
								</Element>
								<Element index="5">
									<Name>InvFadeDistance</Name>
									<Value>2</Value>
								</Element>
								<Element index="6">
									<Name>ModulateColor</Name>
									<Value>(2, 2, 2, 1)</Value>
								</Element>
								<Element index="7">
									<Name>Soft</Name>
									<Value>true</Value>
								</Element>
								<Element index="8">
									<Name>HDRScale</Name>
									<Value>2</Value>
								</Element>
								<Element index="9">
									<Name>UVScale</Name>
									<Value>(1, 1)</Value>
								</Element>
								<Element index="10">
									<Name>Local</Name>
									<Value>1</Value>
								</Element>
								<Element index="11">
									<Name>BloomScale</Name>
									<Value>0.5</Value>
								</Element>
								<Element index="12">
									<Name>FogStrength</Name>
									<Value>0</Value>
								</Element>
								<Element index="13">
									<Name>DepthBias</Name>
									<Value>0</Value>
								</Element>
								<Element index="14">
									<Name>Distortion</Name>
									<Value>0</Value>
								</Element>
							</Parameters>
							<MultiPassMaterials count="0" ordered="true"/>
						</Element>
						<Element index="16">
							<LayerName>dao_submat</LayerName>
							<ShaderName>Effect/Basic</ShaderName>
							<Parameters count="6" ordered="true">
								<Element index="0">
									<Name>DiffuseTexture</Name>
									<Value>00000000-0000-0000-0000-000000000000</Value>
								</Element>
								<Element index="1">
									<Name>FogStrength</Name>
									<Value>0</Value>
								</Element>
								<Element index="2">
									<Name>ModulateColor</Name>
									<Value>(0.0, 5.0, 5.0, 20.0)</Value>
								</Element>
								<Element index="3">
									<Name>HDRScale</Name>
									<Value>2</Value>
								</Element>
								<Element index="4">
									<Name>DepthBias</Name>
									<Value>0</Value>
								</Element>
								<Element index="5">
									<Name>BloomScale</Name>
									<Value>0.5</Value>
								</Element>
							</Parameters>
							<MultiPassMaterials count="0" ordered="true"/>
						</Element>
					</Layers>
				</info>
				<flags count="17" ordered="true">
					<Element index="0">1048624</Element>
					<Element index="1">48</Element>
					<Element index="2">48</Element>
					<Element index="3">1048624</Element>
					<Element index="4">1048624</Element>
					<Element index="5">1048624</Element>
					<Element index="6">1048624</Element>
					<Element index="7">1048624</Element>
					<Element index="8">1048624</Element>
					<Element index="9">1048624</Element>
					<Element index="10">1048624</Element>
					<Element index="11">1048624</Element>
					<Element index="12">1048624</Element>
					<Element index="13">1048624</Element>
					<Element index="14">1048624</Element>
					<Element index="15">1048624</Element>
					<Element index="16">1048624</Element>
				</flags>
				<customRenderset count="17" ordered="true">
					<Element index="0">0</Element>
					<Element index="1">0</Element>
					<Element index="2">0</Element>
					<Element index="3">0</Element>
					<Element index="4">0</Element>
					<Element index="5">0</Element>
					<Element index="6">0</Element>
					<Element index="7">0</Element>
					<Element index="8">0</Element>
					<Element index="9">0</Element>
					<Element index="10">0</Element>
					<Element index="11">0</Element>
					<Element index="12">0</Element>
					<Element index="13">0</Element>
					<Element index="14">0</Element>
					<Element index="15">0</Element>
					<Element index="16">0</Element>
				</customRenderset>
			</Entity>
		</Root>
	</SMaterialData>
</Resource>
