{
    "134273910": {
        "editor_effect": {
            "model_id": 134230811, 
            "preview_icon": "", 
            "name": "\u9b54\u6cd5\u66b4\u51fb", 
            "describe": 134273910, 
            "key": 134273910, 
            "res_type": "kkres", 
            "res_identify": "", 
            "scale": 1.0, 
            "uid": "134273910", 
            "source_effect": [
                102455, 
                101584, 
                105083
            ], 
            "version": 1, 
            "md5": "781bc5539a133876afdacadb3d736a3e"
        }, 
        "model": {
            "name": "\u9b54\u6cd5\u66b4\u51fb", 
            "model_id": 134230811, 
            "effect_path": "Fx_Effect/OtherType/Other_Type_blank_copy_26", 
            "meshes": [], 
            "custom": true, 
            "effect_keep": false, 
            "effect_max_life": 1.5500000197000001, 
            "is_beam_effect": false
        }
    }, 
    "res_type": "editor_effect", 
    "import_export_folder_info": "/code_explorer_custom_root_folder_name/\u9b54\u6cd5\u66b4\u51fb"
}