{
    "134260367": {
        "editor_effect": {
            "model_id": 134260367, 
            "name": "\u7b79\u7b56\u6295\u63b7\u7269", 
            "res_type": "kkres", 
            "version": 1, 
            "describe": 134260367, 
            "key": 134260367, 
            "res_identify": "", 
            "scale": 1.0, 
            "uid": 134260367, 
            "md5": "54b6dc61512dac0843f14ba6a1e3d28b"
        }, 
        "model": {
            "name": "\u7b79\u7b56\u6295\u63b7\u7269", 
            "model_id": 134260367, 
            "meshes": [], 
            "effect_path": "Fx_Effect/Realism/Fx_Skill/Ballistic/b8b150a1-a3af-45a3-8426-9db273af0643", 
            "custom": true, 
            "effect_keep": true, 
            "effect_max_life": -1, 
            "is_beam_effect": false
        }
    }, 
    "res_type": "editor_effect", 
    "import_export_folder_info": "/code_explorer_custom_root_folder_name"
}