{
    "134234029": {
        "editor_effect": {
            "model_id": 134261973, 
            "preview_icon": "", 
            "name": "\u70ed\u8840\u6218\u9b42", 
            "describe": 134234029, 
            "key": 134234029, 
            "res_type": "kkres", 
            "res_identify": "", 
            "scale": 1.0, 
            "uid": "134234029", 
            "source_effect": [
                102455
            ]
        }, 
        "model": {
            "name": "\u70ed\u8840\u6218\u9b42", 
            "model_id": 134261973, 
            "effect_path": "Fx_Effect/OtherType/Other_Type_blank_copy_14", 
            "meshes": [], 
            "custom": true, 
            "effect_keep": true, 
            "effect_max_life": -1, 
            "is_beam_effect": false
        }
    }, 
    "res_type": "editor_effect", 
    "import_export_folder_info": "/code_explorer_custom_root_folder_name/\u70ed\u8840\u6218\u9b42"
}