<?xml version='1.0' encoding='utf-8'?>
<Resource>
	<Version>2</Version>
	<SMaterialData>
		<Root>
			<Sub />
			<Entity type="SMaterialData">
				<name>_material</name>
				<info>
					<Layers count="13" ordered="true">
						<Element index="0">
							<LayerName>__none___submat</LayerName>
							<ShaderName>Particle</ShaderName>
							<Parameters count="18" ordered="true">
								<Element index="0">
									<Name>DepthBuffer</Name>
									<Value>00000000-0000-0000-0000-000000000000</Value>
								</Element>
								<Element index="1">
									<Name>DiffuseTexture</Name>
									<Value>ffffffff-0100-0000-0100-000047000000</Value>
								</Element>
								<Element index="2">
									<Name>SSProfilesTextureGlobel</Name>
									<Value>00000000-0000-0000-0000-000000000000</Value>
								</Element>
								<Element index="3">
									<Name>ScreenTexture</Name>
									<Value>00000000-0000-0000-0000-000000000000</Value>
								</Element>
								<Element index="4">
									<Name>tIRVDayTextureA</Name>
									<Value>00000000-0000-0000-0000-000000000000</Value>
								</Element>
								<Element index="5">
									<Name>tIRVNightTextureA</Name>
									<Value>00000000-0000-0000-0000-000000000000</Value>
								</Element>
								<Element index="6">
									<Name>tScatteringAndTransmittanceVolume</Name>
									<Value>00000000-0000-0000-0000-000000000000</Value>
								</Element>
								<Element index="7">
									<Name>tShadowMapArray</Name>
									<Value>00000000-0000-0000-0000-000000000000</Value>
								</Element>
								<Element index="8">
									<Name>InvFadeDistance</Name>
									<Value>0</Value>
								</Element>
								<Element index="9">
									<Name>ModulateColor</Name>
									<Value>(1.0, 1.0, 1.0, 1.0)</Value>
								</Element>
								<Element index="10">
									<Name>Soft</Name>
									<Value>0</Value>
								</Element>
								<Element index="11">
									<Name>HDRScale</Name>
									<Value>2</Value>
								</Element>
								<Element index="12">
									<Name>UVScale</Name>
									<Value>(1, 1)</Value>
								</Element>
								<Element index="13">
									<Name>Local</Name>
									<Value>1</Value>
								</Element>
								<Element index="14">
									<Name>BloomScale</Name>
									<Value>0.5</Value>
								</Element>
								<Element index="15">
									<Name>FogStrength</Name>
									<Value>0</Value>
								</Element>
								<Element index="16">
									<Name>DepthBias</Name>
									<Value>0</Value>
								</Element>
								<Element index="17">
									<Name>Distortion</Name>
									<Value>0</Value>
								</Element>
							</Parameters>
							<InactiveParameters count="0" ordered="true" />
							<MultiPassMaterials count="0" ordered="true" />
						</Element>
						<Element index="1">
							<LayerName>DC3_submat</LayerName>
							<ShaderName>Particle</ShaderName>
							<Parameters count="18" ordered="true">
								<Element index="0">
									<Name>DepthBuffer</Name>
									<Value>00000000-0000-0000-0000-000000000000</Value>
								</Element>
								<Element index="1">
									<Name>DiffuseTexture</Name>
									<Value>ffffffff-0100-0000-0100-000047000000</Value>
								</Element>
								<Element index="2">
									<Name>SSProfilesTextureGlobel</Name>
									<Value>00000000-0000-0000-0000-000000000000</Value>
								</Element>
								<Element index="3">
									<Name>ScreenTexture</Name>
									<Value>00000000-0000-0000-0000-000000000000</Value>
								</Element>
								<Element index="4">
									<Name>tIRVDayTextureA</Name>
									<Value>00000000-0000-0000-0000-000000000000</Value>
								</Element>
								<Element index="5">
									<Name>tIRVNightTextureA</Name>
									<Value>00000000-0000-0000-0000-000000000000</Value>
								</Element>
								<Element index="6">
									<Name>tScatteringAndTransmittanceVolume</Name>
									<Value>00000000-0000-0000-0000-000000000000</Value>
								</Element>
								<Element index="7">
									<Name>tShadowMapArray</Name>
									<Value>00000000-0000-0000-0000-000000000000</Value>
								</Element>
								<Element index="8">
									<Name>InvFadeDistance</Name>
									<Value>0</Value>
								</Element>
								<Element index="9">
									<Name>ModulateColor</Name>
									<Value>(1.0, 1.0, 1.0, 1.0)</Value>
								</Element>
								<Element index="10">
									<Name>Soft</Name>
									<Value>0</Value>
								</Element>
								<Element index="11">
									<Name>HDRScale</Name>
									<Value>2</Value>
								</Element>
								<Element index="12">
									<Name>UVScale</Name>
									<Value>(1, 1)</Value>
								</Element>
								<Element index="13">
									<Name>Local</Name>
									<Value>1</Value>
								</Element>
								<Element index="14">
									<Name>BloomScale</Name>
									<Value>0.5</Value>
								</Element>
								<Element index="15">
									<Name>FogStrength</Name>
									<Value>0</Value>
								</Element>
								<Element index="16">
									<Name>DepthBias</Name>
									<Value>0</Value>
								</Element>
								<Element index="17">
									<Name>Distortion</Name>
									<Value>0</Value>
								</Element>
							</Parameters>
							<InactiveParameters count="0" ordered="true" />
							<MultiPassMaterials count="0" ordered="true" />
						</Element>
						<Element index="2">
							<LayerName>si2_submat</LayerName>
							<ShaderName>Particle</ShaderName>
							<Parameters count="18" ordered="true">
								<Element index="0">
									<Name>DepthBuffer</Name>
									<Value>00000000-0000-0000-0000-000000000000</Value>
								</Element>
								<Element index="1">
									<Name>DiffuseTexture</Name>
									<Value>8e862ec6-1e6f-43b6-9b0f-fcb43c728cca</Value>
								</Element>
								<Element index="2">
									<Name>SSProfilesTextureGlobel</Name>
									<Value>00000000-0000-0000-0000-000000000000</Value>
								</Element>
								<Element index="3">
									<Name>ScreenTexture</Name>
									<Value>00000000-0000-0000-0000-000000000000</Value>
								</Element>
								<Element index="4">
									<Name>tIRVDayTextureA</Name>
									<Value>00000000-0000-0000-0000-000000000000</Value>
								</Element>
								<Element index="5">
									<Name>tIRVNightTextureA</Name>
									<Value>00000000-0000-0000-0000-000000000000</Value>
								</Element>
								<Element index="6">
									<Name>tScatteringAndTransmittanceVolume</Name>
									<Value>00000000-0000-0000-0000-000000000000</Value>
								</Element>
								<Element index="7">
									<Name>tShadowMapArray</Name>
									<Value>00000000-0000-0000-0000-000000000000</Value>
								</Element>
								<Element index="8">
									<Name>InvFadeDistance</Name>
									<Value>5</Value>
								</Element>
								<Element index="9">
									<Name>ModulateColor</Name>
									<Value>(1, 1, 1, 4)</Value>
								</Element>
								<Element index="10">
									<Name>Soft</Name>
									<Value>true</Value>
								</Element>
								<Element index="11">
									<Name>HDRScale</Name>
									<Value>5</Value>
								</Element>
								<Element index="12">
									<Name>UVScale</Name>
									<Value>(1, 1)</Value>
								</Element>
								<Element index="13">
									<Name>Local</Name>
									<Value>false</Value>
								</Element>
								<Element index="14">
									<Name>BloomScale</Name>
									<Value>1.5</Value>
								</Element>
								<Element index="15">
									<Name>FogStrength</Name>
									<Value>0</Value>
								</Element>
								<Element index="16">
									<Name>DepthBias</Name>
									<Value>0</Value>
								</Element>
								<Element index="17">
									<Name>Distortion</Name>
									<Value>0</Value>
								</Element>
							</Parameters>
							<InactiveParameters count="0" ordered="true" />
							<MultiPassMaterials count="0" ordered="true" />
						</Element>
						<Element index="3">
							<LayerName>si4_submat</LayerName>
							<ShaderName>Particle</ShaderName>
							<Parameters count="18" ordered="true">
								<Element index="0">
									<Name>DepthBuffer</Name>
									<Value>00000000-0000-0000-0000-000000000000</Value>
								</Element>
								<Element index="1">
									<Name>DiffuseTexture</Name>
									<Value>56eba97b-7e33-4483-b19a-bb9ccad79d0c</Value>
								</Element>
								<Element index="2">
									<Name>SSProfilesTextureGlobel</Name>
									<Value>00000000-0000-0000-0000-000000000000</Value>
								</Element>
								<Element index="3">
									<Name>ScreenTexture</Name>
									<Value>00000000-0000-0000-0000-000000000000</Value>
								</Element>
								<Element index="4">
									<Name>tIRVDayTextureA</Name>
									<Value>00000000-0000-0000-0000-000000000000</Value>
								</Element>
								<Element index="5">
									<Name>tIRVNightTextureA</Name>
									<Value>00000000-0000-0000-0000-000000000000</Value>
								</Element>
								<Element index="6">
									<Name>tScatteringAndTransmittanceVolume</Name>
									<Value>00000000-0000-0000-0000-000000000000</Value>
								</Element>
								<Element index="7">
									<Name>tShadowMapArray</Name>
									<Value>00000000-0000-0000-0000-000000000000</Value>
								</Element>
								<Element index="8">
									<Name>InvFadeDistance</Name>
									<Value>5</Value>
								</Element>
								<Element index="9">
									<Name>ModulateColor</Name>
									<Value>(1.0, 1.0, 1.0, 1.0)</Value>
								</Element>
								<Element index="10">
									<Name>Soft</Name>
									<Value>true</Value>
								</Element>
								<Element index="11">
									<Name>HDRScale</Name>
									<Value>2</Value>
								</Element>
								<Element index="12">
									<Name>UVScale</Name>
									<Value>(1, 1)</Value>
								</Element>
								<Element index="13">
									<Name>Local</Name>
									<Value>1</Value>
								</Element>
								<Element index="14">
									<Name>BloomScale</Name>
									<Value>0.5</Value>
								</Element>
								<Element index="15">
									<Name>FogStrength</Name>
									<Value>0</Value>
								</Element>
								<Element index="16">
									<Name>DepthBias</Name>
									<Value>0</Value>
								</Element>
								<Element index="17">
									<Name>Distortion</Name>
									<Value>0</Value>
								</Element>
							</Parameters>
							<InactiveParameters count="0" ordered="true" />
							<MultiPassMaterials count="0" ordered="true" />
						</Element>
						<Element index="4">
							<LayerName>ri2_submat</LayerName>
							<ShaderName>Effect/Twisted</ShaderName>
							<Parameters count="18" ordered="true">
								<Element index="0">
									<Name>DepthBuffer</Name>
									<Value>00000000-0000-0000-0000-000000000000</Value>
								</Element>
								<Element index="1">
									<Name>DiffuseTexture</Name>
									<Value>d8845340-d0d4-4740-8a83-d764899e229b</Value>
								</Element>
								<Element index="2">
									<Name>MaskTexture</Name>
									<Value>8f777892-ce48-4d56-8714-7a4e85254f6a</Value>
								</Element>
								<Element index="3">
									<Name>SSProfilesTextureGlobel</Name>
									<Value>00000000-0000-0000-0000-000000000000</Value>
								</Element>
								<Element index="4">
									<Name>TwistTexture</Name>
									<Value>f7689f63-447b-4985-8106-3ae21a76c599</Value>
								</Element>
								<Element index="5">
									<Name>tIRVDayTextureA</Name>
									<Value>00000000-0000-0000-0000-000000000000</Value>
								</Element>
								<Element index="6">
									<Name>tIRVNightTextureA</Name>
									<Value>00000000-0000-0000-0000-000000000000</Value>
								</Element>
								<Element index="7">
									<Name>tScatteringAndTransmittanceVolume</Name>
									<Value>00000000-0000-0000-0000-000000000000</Value>
								</Element>
								<Element index="8">
									<Name>tShadowMapArray</Name>
									<Value>00000000-0000-0000-0000-000000000000</Value>
								</Element>
								<Element index="9">
									<Name>TwistUVScolling</Name>
									<Value>(5, 2, 0, -0.7)</Value>
								</Element>
								<Element index="10">
									<Name>Soft</Name>
									<Value>true</Value>
								</Element>
								<Element index="11">
									<Name>DepthBias</Name>
									<Value>0</Value>
								</Element>
								<Element index="12">
									<Name>HDRScale</Name>
									<Value>5</Value>
								</Element>
								<Element index="13">
									<Name>FogStrength</Name>
									<Value>0</Value>
								</Element>
								<Element index="14">
									<Name>TwistStrength</Name>
									<Value>(0.1, 0.3)</Value>
								</Element>
								<Element index="15">
									<Name>ModulateColor</Name>
									<Value>(12, 2, 2, 3)</Value>
								</Element>
								<Element index="16">
									<Name>DiffuseUVScolling</Name>
									<Value>(1, 0.5, 0, -0.6)</Value>
								</Element>
								<Element index="17">
									<Name>BloomScale</Name>
									<Value>4</Value>
								</Element>
							</Parameters>
							<InactiveParameters count="0" ordered="true" />
							<MultiPassMaterials count="0" ordered="true" />
						</Element>
						<Element index="5">
							<LayerName>2bazhahuan_submat</LayerName>
							<ShaderName>Effect/Twisted</ShaderName>
							<Parameters count="18" ordered="true">
								<Element index="0">
									<Name>DepthBuffer</Name>
									<Value>00000000-0000-0000-0000-000000000000</Value>
								</Element>
								<Element index="1">
									<Name>DiffuseTexture</Name>
									<Value>32499c2b-331b-4355-9b1c-55ab44b27375</Value>
								</Element>
								<Element index="2">
									<Name>MaskTexture</Name>
									<Value>06c22929-61c0-4c11-8ce3-aec7a445072f</Value>
								</Element>
								<Element index="3">
									<Name>SSProfilesTextureGlobel</Name>
									<Value>00000000-0000-0000-0000-000000000000</Value>
								</Element>
								<Element index="4">
									<Name>TwistTexture</Name>
									<Value>0d6886f7-9e8b-44f2-b290-e9deec6cc941</Value>
								</Element>
								<Element index="5">
									<Name>tIRVDayTextureA</Name>
									<Value>00000000-0000-0000-0000-000000000000</Value>
								</Element>
								<Element index="6">
									<Name>tIRVNightTextureA</Name>
									<Value>00000000-0000-0000-0000-000000000000</Value>
								</Element>
								<Element index="7">
									<Name>tScatteringAndTransmittanceVolume</Name>
									<Value>00000000-0000-0000-0000-000000000000</Value>
								</Element>
								<Element index="8">
									<Name>tShadowMapArray</Name>
									<Value>00000000-0000-0000-0000-000000000000</Value>
								</Element>
								<Element index="9">
									<Name>TwistUVScolling</Name>
									<Value>(20, 1, 0, -2.5)</Value>
								</Element>
								<Element index="10">
									<Name>Soft</Name>
									<Value>0</Value>
								</Element>
								<Element index="11">
									<Name>DepthBias</Name>
									<Value>0</Value>
								</Element>
								<Element index="12">
									<Name>HDRScale</Name>
									<Value>5</Value>
								</Element>
								<Element index="13">
									<Name>FogStrength</Name>
									<Value>0</Value>
								</Element>
								<Element index="14">
									<Name>TwistStrength</Name>
									<Value>(0.2, 0.5)</Value>
								</Element>
								<Element index="15">
									<Name>ModulateColor</Name>
									<Value>(6, 1, 1, 12)</Value>
								</Element>
								<Element index="16">
									<Name>DiffuseUVScolling</Name>
									<Value>(6, 0.25, 0, 0)</Value>
								</Element>
								<Element index="17">
									<Name>BloomScale</Name>
									<Value>1</Value>
								</Element>
							</Parameters>
							<InactiveParameters count="0" ordered="true" />
							<MultiPassMaterials count="0" ordered="true" />
						</Element>
						<Element index="6">
							<LayerName>gun_huos_submat</LayerName>
							<ShaderName>Particle</ShaderName>
							<Parameters count="18" ordered="true">
								<Element index="0">
									<Name>DepthBuffer</Name>
									<Value>00000000-0000-0000-0000-000000000000</Value>
								</Element>
								<Element index="1">
									<Name>DiffuseTexture</Name>
									<Value>aaf23b77-eb18-454b-8636-204fa18895d8</Value>
								</Element>
								<Element index="2">
									<Name>SSProfilesTextureGlobel</Name>
									<Value>00000000-0000-0000-0000-000000000000</Value>
								</Element>
								<Element index="3">
									<Name>ScreenTexture</Name>
									<Value>00000000-0000-0000-0000-000000000000</Value>
								</Element>
								<Element index="4">
									<Name>tIRVDayTextureA</Name>
									<Value>00000000-0000-0000-0000-000000000000</Value>
								</Element>
								<Element index="5">
									<Name>tIRVNightTextureA</Name>
									<Value>00000000-0000-0000-0000-000000000000</Value>
								</Element>
								<Element index="6">
									<Name>tScatteringAndTransmittanceVolume</Name>
									<Value>00000000-0000-0000-0000-000000000000</Value>
								</Element>
								<Element index="7">
									<Name>tShadowMapArray</Name>
									<Value>00000000-0000-0000-0000-000000000000</Value>
								</Element>
								<Element index="8">
									<Name>InvFadeDistance</Name>
									<Value>0</Value>
								</Element>
								<Element index="9">
									<Name>ModulateColor</Name>
									<Value>(3, 2, 1, 1)</Value>
								</Element>
								<Element index="10">
									<Name>Soft</Name>
									<Value>0</Value>
								</Element>
								<Element index="11">
									<Name>HDRScale</Name>
									<Value>2</Value>
								</Element>
								<Element index="12">
									<Name>UVScale</Name>
									<Value>(1, 1)</Value>
								</Element>
								<Element index="13">
									<Name>Local</Name>
									<Value>false</Value>
								</Element>
								<Element index="14">
									<Name>BloomScale</Name>
									<Value>0.5</Value>
								</Element>
								<Element index="15">
									<Name>FogStrength</Name>
									<Value>0</Value>
								</Element>
								<Element index="16">
									<Name>DepthBias</Name>
									<Value>0</Value>
								</Element>
								<Element index="17">
									<Name>Distortion</Name>
									<Value>0</Value>
								</Element>
							</Parameters>
							<InactiveParameters count="0" ordered="true" />
							<MultiPassMaterials count="0" ordered="true" />
						</Element>
						<Element index="7">
							<LayerName>gun_hs3_submat</LayerName>
							<ShaderName>Particle</ShaderName>
							<Parameters count="18" ordered="true">
								<Element index="0">
									<Name>DepthBuffer</Name>
									<Value>00000000-0000-0000-0000-000000000000</Value>
								</Element>
								<Element index="1">
									<Name>DiffuseTexture</Name>
									<Value>4c05ae89-1053-4731-a277-253a688b3c54</Value>
								</Element>
								<Element index="2">
									<Name>SSProfilesTextureGlobel</Name>
									<Value>00000000-0000-0000-0000-000000000000</Value>
								</Element>
								<Element index="3">
									<Name>ScreenTexture</Name>
									<Value>00000000-0000-0000-0000-000000000000</Value>
								</Element>
								<Element index="4">
									<Name>tIRVDayTextureA</Name>
									<Value>00000000-0000-0000-0000-000000000000</Value>
								</Element>
								<Element index="5">
									<Name>tIRVNightTextureA</Name>
									<Value>00000000-0000-0000-0000-000000000000</Value>
								</Element>
								<Element index="6">
									<Name>tScatteringAndTransmittanceVolume</Name>
									<Value>00000000-0000-0000-0000-000000000000</Value>
								</Element>
								<Element index="7">
									<Name>tShadowMapArray</Name>
									<Value>00000000-0000-0000-0000-000000000000</Value>
								</Element>
								<Element index="8">
									<Name>InvFadeDistance</Name>
									<Value>0</Value>
								</Element>
								<Element index="9">
									<Name>ModulateColor</Name>
									<Value>(1, 0.5, 0.2, 1)</Value>
								</Element>
								<Element index="10">
									<Name>Soft</Name>
									<Value>0</Value>
								</Element>
								<Element index="11">
									<Name>HDRScale</Name>
									<Value>2</Value>
								</Element>
								<Element index="12">
									<Name>UVScale</Name>
									<Value>(1, 1)</Value>
								</Element>
								<Element index="13">
									<Name>Local</Name>
									<Value>false</Value>
								</Element>
								<Element index="14">
									<Name>BloomScale</Name>
									<Value>0.5</Value>
								</Element>
								<Element index="15">
									<Name>FogStrength</Name>
									<Value>0</Value>
								</Element>
								<Element index="16">
									<Name>DepthBias</Name>
									<Value>0</Value>
								</Element>
								<Element index="17">
									<Name>Distortion</Name>
									<Value>0</Value>
								</Element>
							</Parameters>
							<InactiveParameters count="0" ordered="true" />
							<MultiPassMaterials count="0" ordered="true" />
						</Element>
						<Element index="8">
							<LayerName>xian2_submat</LayerName>
							<ShaderName>Particle</ShaderName>
							<Parameters count="18" ordered="true">
								<Element index="0">
									<Name>DepthBuffer</Name>
									<Value>00000000-0000-0000-0000-000000000000</Value>
								</Element>
								<Element index="1">
									<Name>DiffuseTexture</Name>
									<Value>263bb4d4-eb92-44a3-86b3-793dc07ba25a</Value>
								</Element>
								<Element index="2">
									<Name>SSProfilesTextureGlobel</Name>
									<Value>00000000-0000-0000-0000-000000000000</Value>
								</Element>
								<Element index="3">
									<Name>ScreenTexture</Name>
									<Value>00000000-0000-0000-0000-000000000000</Value>
								</Element>
								<Element index="4">
									<Name>tIRVDayTextureA</Name>
									<Value>00000000-0000-0000-0000-000000000000</Value>
								</Element>
								<Element index="5">
									<Name>tIRVNightTextureA</Name>
									<Value>00000000-0000-0000-0000-000000000000</Value>
								</Element>
								<Element index="6">
									<Name>tScatteringAndTransmittanceVolume</Name>
									<Value>00000000-0000-0000-0000-000000000000</Value>
								</Element>
								<Element index="7">
									<Name>tShadowMapArray</Name>
									<Value>00000000-0000-0000-0000-000000000000</Value>
								</Element>
								<Element index="8">
									<Name>InvFadeDistance</Name>
									<Value>0.5</Value>
								</Element>
								<Element index="9">
									<Name>ModulateColor</Name>
									<Value>(5, 5, 5, 2)</Value>
								</Element>
								<Element index="10">
									<Name>Soft</Name>
									<Value>true</Value>
								</Element>
								<Element index="11">
									<Name>HDRScale</Name>
									<Value>40</Value>
								</Element>
								<Element index="12">
									<Name>UVScale</Name>
									<Value>(1, 1)</Value>
								</Element>
								<Element index="13">
									<Name>Local</Name>
									<Value>false</Value>
								</Element>
								<Element index="14">
									<Name>BloomScale</Name>
									<Value>0.5</Value>
								</Element>
								<Element index="15">
									<Name>FogStrength</Name>
									<Value>0</Value>
								</Element>
								<Element index="16">
									<Name>DepthBias</Name>
									<Value>0</Value>
								</Element>
								<Element index="17">
									<Name>Distortion</Name>
									<Value>0</Value>
								</Element>
							</Parameters>
							<InactiveParameters count="0" ordered="true" />
							<MultiPassMaterials count="0" ordered="true" />
						</Element>
						<Element index="9">
							<LayerName>gun_bd_submat</LayerName>
							<ShaderName>Particle</ShaderName>
							<Parameters count="18" ordered="true">
								<Element index="0">
									<Name>DepthBuffer</Name>
									<Value>00000000-0000-0000-0000-000000000000</Value>
								</Element>
								<Element index="1">
									<Name>DiffuseTexture</Name>
									<Value>fdd012bd-6935-47cb-917d-ad1a278a3798</Value>
								</Element>
								<Element index="2">
									<Name>SSProfilesTextureGlobel</Name>
									<Value>00000000-0000-0000-0000-000000000000</Value>
								</Element>
								<Element index="3">
									<Name>ScreenTexture</Name>
									<Value>00000000-0000-0000-0000-000000000000</Value>
								</Element>
								<Element index="4">
									<Name>tIRVDayTextureA</Name>
									<Value>00000000-0000-0000-0000-000000000000</Value>
								</Element>
								<Element index="5">
									<Name>tIRVNightTextureA</Name>
									<Value>00000000-0000-0000-0000-000000000000</Value>
								</Element>
								<Element index="6">
									<Name>tScatteringAndTransmittanceVolume</Name>
									<Value>00000000-0000-0000-0000-000000000000</Value>
								</Element>
								<Element index="7">
									<Name>tShadowMapArray</Name>
									<Value>00000000-0000-0000-0000-000000000000</Value>
								</Element>
								<Element index="8">
									<Name>InvFadeDistance</Name>
									<Value>0</Value>
								</Element>
								<Element index="9">
									<Name>ModulateColor</Name>
									<Value>(1, 1, 1, 50)</Value>
								</Element>
								<Element index="10">
									<Name>Soft</Name>
									<Value>0</Value>
								</Element>
								<Element index="11">
									<Name>HDRScale</Name>
									<Value>1</Value>
								</Element>
								<Element index="12">
									<Name>UVScale</Name>
									<Value>(1, 1)</Value>
								</Element>
								<Element index="13">
									<Name>Local</Name>
									<Value>1</Value>
								</Element>
								<Element index="14">
									<Name>BloomScale</Name>
									<Value>0.5</Value>
								</Element>
								<Element index="15">
									<Name>FogStrength</Name>
									<Value>0</Value>
								</Element>
								<Element index="16">
									<Name>DepthBias</Name>
									<Value>0</Value>
								</Element>
								<Element index="17">
									<Name>Distortion</Name>
									<Value>0</Value>
								</Element>
							</Parameters>
							<InactiveParameters count="0" ordered="true" />
							<MultiPassMaterials count="0" ordered="true" />
						</Element>
						<Element index="10">
							<LayerName>di1_submat</LayerName>
							<ShaderName>Particle</ShaderName>
							<Parameters count="18" ordered="true">
								<Element index="0">
									<Name>DepthBuffer</Name>
									<Value>00000000-0000-0000-0000-000000000000</Value>
								</Element>
								<Element index="1">
									<Name>DiffuseTexture</Name>
									<Value>0087574f-e11d-4c9d-9440-0b4cb276e8e3</Value>
								</Element>
								<Element index="2">
									<Name>SSProfilesTextureGlobel</Name>
									<Value>00000000-0000-0000-0000-000000000000</Value>
								</Element>
								<Element index="3">
									<Name>ScreenTexture</Name>
									<Value>00000000-0000-0000-0000-000000000000</Value>
								</Element>
								<Element index="4">
									<Name>tIRVDayTextureA</Name>
									<Value>00000000-0000-0000-0000-000000000000</Value>
								</Element>
								<Element index="5">
									<Name>tIRVNightTextureA</Name>
									<Value>00000000-0000-0000-0000-000000000000</Value>
								</Element>
								<Element index="6">
									<Name>tScatteringAndTransmittanceVolume</Name>
									<Value>00000000-0000-0000-0000-000000000000</Value>
								</Element>
								<Element index="7">
									<Name>tShadowMapArray</Name>
									<Value>00000000-0000-0000-0000-000000000000</Value>
								</Element>
								<Element index="8">
									<Name>InvFadeDistance</Name>
									<Value>0</Value>
								</Element>
								<Element index="9">
									<Name>ModulateColor</Name>
									<Value>(20, 2, 2, 4)</Value>
								</Element>
								<Element index="10">
									<Name>Soft</Name>
									<Value>0</Value>
								</Element>
								<Element index="11">
									<Name>HDRScale</Name>
									<Value>2</Value>
								</Element>
								<Element index="12">
									<Name>UVScale</Name>
									<Value>(1, 1)</Value>
								</Element>
								<Element index="13">
									<Name>Local</Name>
									<Value>1</Value>
								</Element>
								<Element index="14">
									<Name>BloomScale</Name>
									<Value>0.5</Value>
								</Element>
								<Element index="15">
									<Name>FogStrength</Name>
									<Value>0</Value>
								</Element>
								<Element index="16">
									<Name>DepthBias</Name>
									<Value>0</Value>
								</Element>
								<Element index="17">
									<Name>Distortion</Name>
									<Value>0</Value>
								</Element>
							</Parameters>
							<InactiveParameters count="0" ordered="true" />
							<MultiPassMaterials count="0" ordered="true" />
						</Element>
						<Element index="11">
							<LayerName>n2_submat</LayerName>
							<ShaderName>Particle</ShaderName>
							<Parameters count="18" ordered="true">
								<Element index="0">
									<Name>DepthBuffer</Name>
									<Value>00000000-0000-0000-0000-000000000000</Value>
								</Element>
								<Element index="1">
									<Name>DiffuseTexture</Name>
									<Value>00e45903-8048-4bb7-ada2-ab64f5a15a09</Value>
								</Element>
								<Element index="2">
									<Name>SSProfilesTextureGlobel</Name>
									<Value>00000000-0000-0000-0000-000000000000</Value>
								</Element>
								<Element index="3">
									<Name>ScreenTexture</Name>
									<Value>00000000-0000-0000-0000-000000000000</Value>
								</Element>
								<Element index="4">
									<Name>tIRVDayTextureA</Name>
									<Value>00000000-0000-0000-0000-000000000000</Value>
								</Element>
								<Element index="5">
									<Name>tIRVNightTextureA</Name>
									<Value>00000000-0000-0000-0000-000000000000</Value>
								</Element>
								<Element index="6">
									<Name>tScatteringAndTransmittanceVolume</Name>
									<Value>00000000-0000-0000-0000-000000000000</Value>
								</Element>
								<Element index="7">
									<Name>tShadowMapArray</Name>
									<Value>00000000-0000-0000-0000-000000000000</Value>
								</Element>
								<Element index="8">
									<Name>InvFadeDistance</Name>
									<Value>0</Value>
								</Element>
								<Element index="9">
									<Name>ModulateColor</Name>
									<Value>(15, 5, 5, 1)</Value>
								</Element>
								<Element index="10">
									<Name>Soft</Name>
									<Value>0</Value>
								</Element>
								<Element index="11">
									<Name>HDRScale</Name>
									<Value>2</Value>
								</Element>
								<Element index="12">
									<Name>UVScale</Name>
									<Value>(1, 1)</Value>
								</Element>
								<Element index="13">
									<Name>Local</Name>
									<Value>1</Value>
								</Element>
								<Element index="14">
									<Name>BloomScale</Name>
									<Value>2</Value>
								</Element>
								<Element index="15">
									<Name>FogStrength</Name>
									<Value>0</Value>
								</Element>
								<Element index="16">
									<Name>DepthBias</Name>
									<Value>0</Value>
								</Element>
								<Element index="17">
									<Name>Distortion</Name>
									<Value>true</Value>
								</Element>
							</Parameters>
							<InactiveParameters count="0" ordered="true" />
							<MultiPassMaterials count="0" ordered="true" />
						</Element>
						<Element index="12">
							<LayerName>di2_submat</LayerName>
							<ShaderName>Particle</ShaderName>
							<Parameters count="18" ordered="true">
								<Element index="0">
									<Name>DepthBuffer</Name>
									<Value>00000000-0000-0000-0000-000000000000</Value>
								</Element>
								<Element index="1">
									<Name>DiffuseTexture</Name>
									<Value>d53746d5-ffb5-5202-ad5a-365838240d68</Value>
								</Element>
								<Element index="2">
									<Name>SSProfilesTextureGlobel</Name>
									<Value>00000000-0000-0000-0000-000000000000</Value>
								</Element>
								<Element index="3">
									<Name>ScreenTexture</Name>
									<Value>00000000-0000-0000-0000-000000000000</Value>
								</Element>
								<Element index="4">
									<Name>tIRVDayTextureA</Name>
									<Value>00000000-0000-0000-0000-000000000000</Value>
								</Element>
								<Element index="5">
									<Name>tIRVNightTextureA</Name>
									<Value>00000000-0000-0000-0000-000000000000</Value>
								</Element>
								<Element index="6">
									<Name>tScatteringAndTransmittanceVolume</Name>
									<Value>00000000-0000-0000-0000-000000000000</Value>
								</Element>
								<Element index="7">
									<Name>tShadowMapArray</Name>
									<Value>00000000-0000-0000-0000-000000000000</Value>
								</Element>
								<Element index="8">
									<Name>InvFadeDistance</Name>
									<Value>0</Value>
								</Element>
								<Element index="9">
									<Name>ModulateColor</Name>
									<Value>(1, 1, 1, 2)</Value>
								</Element>
								<Element index="10">
									<Name>Soft</Name>
									<Value>0</Value>
								</Element>
								<Element index="11">
									<Name>HDRScale</Name>
									<Value>2</Value>
								</Element>
								<Element index="12">
									<Name>UVScale</Name>
									<Value>(1, 1)</Value>
								</Element>
								<Element index="13">
									<Name>Local</Name>
									<Value>1</Value>
								</Element>
								<Element index="14">
									<Name>BloomScale</Name>
									<Value>0.5</Value>
								</Element>
								<Element index="15">
									<Name>FogStrength</Name>
									<Value>0</Value>
								</Element>
								<Element index="16">
									<Name>DepthBias</Name>
									<Value>0</Value>
								</Element>
								<Element index="17">
									<Name>Distortion</Name>
									<Value>0</Value>
								</Element>
							</Parameters>
							<InactiveParameters count="0" ordered="true" />
							<MultiPassMaterials count="0" ordered="true" />
						</Element>
					</Layers>
				</info>
				<flags count="13" ordered="true">
					<Element index="0">1048608</Element>
					<Element index="1">1048608</Element>
					<Element index="2">1048608</Element>
					<Element index="3">1048608</Element>
					<Element index="4">32</Element>
					<Element index="5">32</Element>
					<Element index="6">1048608</Element>
					<Element index="7">1048608</Element>
					<Element index="8">1048608</Element>
					<Element index="9">3145760</Element>
					<Element index="10">1048608</Element>
					<Element index="11">3145760</Element>
					<Element index="12">1048608</Element>
				</flags>
				<CustomRenderset count="1" ordered="true">
					<Element index="0">0</Element>
				</CustomRenderset>
			</Entity>
		</Root>
	</SMaterialData>
</Resource>
