{
    "134257917": {
        "editor_effect": {
            "model_id": 134250269, 
            "preview_icon": "", 
            "name": "\u4e00\u6c14\u65a9", 
            "describe": 134257917, 
            "key": 134257917, 
            "res_type": "kkres", 
            "res_identify": "", 
            "scale": 1.0, 
            "uid": "134257917", 
            "source_effect": [
                105296
            ]
        }, 
        "model": {
            "name": "\u4e00\u6c14\u65a9", 
            "model_id": 134250269, 
            "effect_path": "Fx_Effect/DM22/Fx_Skill/Knife/Knife_DM22_xukongwushi_Skill01_v01_copy", 
            "meshes": [], 
            "custom": true, 
            "effect_keep": true, 
            "effect_max_life": -1, 
            "is_beam_effect": false
        }
    }, 
    "res_type": "editor_effect", 
    "import_export_folder_info": "/code_explorer_custom_root_folder_name"
}