{
    "134279615": {
        "editor_effect": {
            "describe": 134279615, 
            "key": 134279615, 
            "md5": "c15179dd6f8770695aa91a163d23a0be", 
            "model_id": 134236134, 
            "name": "\u5de8\u529b\u91cd\u51fb", 
            "preview_icon": "", 
            "res_identify": "", 
            "res_type": "kkres", 
            "scale": 1.0, 
            "source_effect": [
                102458, 
                101578
            ], 
            "uid": "134279615", 
            "version": 1
        }, 
        "model": {
            "custom": true, 
            "effect_keep": false, 
            "effect_max_life": 1.849999994, 
            "effect_path": "Fx_Effect/Realism/Fx_Skill/Fire/Fire_Yxsg_lhjs_0002_copy", 
            "is_beam_effect": false, 
            "meshes": [], 
            "model_id": 134236134, 
            "name": "\u5de8\u529b\u91cd\u51fb"
        }
    }, 
    "res_type": "editor_effect", 
    "import_export_folder_info": "/code_explorer_custom_root_folder_name"
}