{
    "134229758": {
        "editor_effect": {
            "model_id": 134229758, 
            "name": "\u91d1\u8272\u6cd5\u9635\u6269\u6563", 
            "res_type": "kkres", 
            "version": 1, 
            "describe": 134229758, 
            "key": 134229758, 
            "res_identify": "", 
            "scale": 1.0, 
            "uid": 134229758, 
            "md5": "a62f84b94d35347025e49f936a7e85fd", 
            "source_effect": 103072
        }, 
        "model": {
            "name": "\u91d1\u8272\u6cd5\u9635\u6269\u6563", 
            "model_id": 134229758, 
            "meshes": [], 
            "effect_path": "Fx_Effect/Realism/Fx_Skill/Light/Light_X1_sm_zy_a0001_copy", 
            "custom": true, 
            "effect_keep": false, 
            "effect_max_life": 1.0, 
            "is_beam_effect": false
        }
    }, 
    "res_type": "editor_effect", 
    "import_export_folder_info": "/code_explorer_custom_root_folder_name"
}