{
    "134258897": {
        "editor_effect": {
            "describe": 134258897, 
            "key": 134258897, 
            "md5": "06f4c86fcb67cad906d25fae9782eed3", 
            "model_id": 134225165, 
            "name": "\u706d\u7edd\u9f99\u70ae\u843d\u5730", 
            "preview_icon": "", 
            "res_identify": "", 
            "res_type": "kkres", 
            "scale": 1.0, 
            "source_effect": [
                102493, 
                101041
            ], 
            "uid": "134258897", 
            "version": 1
        }, 
        "model": {
            "custom": true, 
            "effect_keep": true, 
            "effect_max_life": -1, 
            "effect_path": "Fx_Effect/Realism/Fx_Skill/Fire/Fire_Yxsg_mc_lxq_0001_copy_1", 
            "is_beam_effect": false, 
            "meshes": [], 
            "model_id": 134225165, 
            "name": "\u706d\u7edd\u9f99\u70ae\u843d\u5730"
        }
    }, 
    "res_type": "editor_effect", 
    "import_export_folder_info": "/code_explorer_custom_root_folder_name"
}