{
    "134229956": {
        "editor_effect": {
            "model_id": 134231525, 
            "preview_icon": "", 
            "name": "\u5173\u7fbd\u666e\u653b\u5200\u5149", 
            "describe": 134229956, 
            "key": 134229956, 
            "res_type": "kkres", 
            "res_identify": "", 
            "scale": 1.0, 
            "uid": "134229956", 
            "source_effect": [
                105095
            ]
        }, 
        "model": {
            "name": "\u5173\u7fbd\u666e\u653b\u5200\u5149", 
            "model_id": 134231525, 
            "effect_path": "Fx_Effect/Overseas/Fx_Skill/Knife/Knife_overseas_900131_attack_b0002_copy", 
            "meshes": [], 
            "custom": true, 
            "effect_keep": false, 
            "effect_max_life": 1.1633333340333334, 
            "is_beam_effect": false
        }
    }, 
    "res_type": "editor_effect", 
    "import_export_folder_info": "/code_explorer_custom_root_folder_name"
}