{
    "134256526": {
        "editor_effect": {
            "describe": 134256526, 
            "key": 134256526, 
            "md5": "a613fc2a273bd0ef9142db72885ba849", 
            "model_id": 134271029, 
            "name": "\u547d\u539f\u7206\u7834", 
            "preview_icon": "", 
            "res_identify": "", 
            "res_type": "kkres", 
            "scale": 1.0, 
            "source_effect": [
                104318
            ], 
            "uid": "134256526", 
            "version": 1
        }, 
        "model": {
            "custom": true, 
            "effect_keep": false, 
            "effect_max_life": 0.9349999991000001, 
            "effect_path": "Fx_Effect/Overseas/Fx_Skill/Shadow/Shadow_overseas_900021_ability1_b0002_copy", 
            "is_beam_effect": false, 
            "meshes": [], 
            "model_id": 134271029, 
            "name": "\u547d\u539f\u7206\u7834"
        }
    }, 
    "res_type": "editor_effect", 
    "import_export_folder_info": "/code_explorer_custom_root_folder_name"
}