{
    "134258665": {
        "editor_effect": {
            "describe": 134257535, 
            "key": 134258665, 
            "md5": "2a6c09dd23079c2ce6698fa319471702", 
            "model_id": 134258665, 
            "name": "\u7cbe\u51c6\u53cd\u51fb\u6295\u63b7\u7269_1_1", 
            "res_identify": "", 
            "res_type": "kkres", 
            "scale": 1.0, 
            "source_effect": [
                101684, 
                104395
            ], 
            "uid": 134258665, 
            "version": 1
        }, 
        "model": {
            "custom": true, 
            "effect_keep": false, 
            "effect_max_life": 0.849999976, 
            "effect_path": "Fx_Effect/Realism/Fx_Skill/Knife/Knife_QL_skill_g_04_copy", 
            "is_beam_effect": false, 
            "meshes": [], 
            "model_id": 134258665, 
            "name": "\u7cbe\u51c6\u53cd\u51fb\u6295\u63b7\u7269_1_1"
        }
    }, 
    "res_type": "editor_effect", 
    "import_export_folder_info": "/code_explorer_custom_root_folder_name"
}