<?xml version="1.0" encoding="utf-8"?>
<Resource>
	<Version>2</Version>
	<SMaterialData>
		<Root>
			<Sub/>
			<Entity type="SMaterialData">
				<name/>
				<info>
					<Layers count="12" ordered="true">
						<Element index="0">
							<LayerName>yanwu_submat</LayerName>
							<ShaderName>Particle</ShaderName>
							<Parameters count="18" ordered="true">
								<Element index="0">
									<Name>DepthBuffer</Name>
									<Value>00000000-0000-0000-0000-000000000000</Value>
								</Element>
								<Element index="1">
									<Name>DiffuseTexture</Name>
									<Value>3f10e16a-e854-47eb-9084-8fed7c884670</Value>
								</Element>
								<Element index="2">
									<Name>SSProfilesTextureGlobel</Name>
									<Value>00000000-0000-0000-0000-000000000000</Value>
								</Element>
								<Element index="3">
									<Name>ScreenTexture</Name>
									<Value>00000000-0000-0000-0000-000000000000</Value>
								</Element>
								<Element index="4">
									<Name>tIRVDayTextureA</Name>
									<Value>00000000-0000-0000-0000-000000000000</Value>
								</Element>
								<Element index="5">
									<Name>tIRVNightTextureA</Name>
									<Value>00000000-0000-0000-0000-000000000000</Value>
								</Element>
								<Element index="6">
									<Name>tScatteringAndTransmittanceVolume</Name>
									<Value>00000000-0000-0000-0000-000000000000</Value>
								</Element>
								<Element index="7">
									<Name>tShadowMapArray</Name>
									<Value>00000000-0000-0000-0000-000000000000</Value>
								</Element>
								<Element index="8">
									<Name>InvFadeDistance</Name>
									<Value>1</Value>
								</Element>
								<Element index="9">
									<Name>ModulateColor</Name>
									<Value>(1, 1, 1, 0.85)</Value>
								</Element>
								<Element index="10">
									<Name>Soft</Name>
									<Value>true</Value>
								</Element>
								<Element index="11">
									<Name>HDRScale</Name>
									<Value>2</Value>
								</Element>
								<Element index="12">
									<Name>UVScale</Name>
									<Value>(1, 1)</Value>
								</Element>
								<Element index="13">
									<Name>Local</Name>
									<Value>false</Value>
								</Element>
								<Element index="14">
									<Name>BloomScale</Name>
									<Value>1</Value>
								</Element>
								<Element index="15">
									<Name>FogStrength</Name>
									<Value>0</Value>
								</Element>
								<Element index="16">
									<Name>DepthBias</Name>
									<Value>0</Value>
								</Element>
								<Element index="17">
									<Name>Distortion</Name>
									<Value>0</Value>
								</Element>
							</Parameters>
							<MultiPassMaterials count="0" ordered="true"/>
						</Element>
						<Element index="1">
							<LayerName>Jian_submat</LayerName>
							<ShaderName>Particle</ShaderName>
							<Parameters count="18" ordered="true">
								<Element index="0">
									<Name>DepthBuffer</Name>
									<Value>00000000-0000-0000-0000-000000000000</Value>
								</Element>
								<Element index="1">
									<Name>DiffuseTexture</Name>
									<Value>4d1c0058-79b9-4fdb-9461-54f103735c6e</Value>
								</Element>
								<Element index="2">
									<Name>SSProfilesTextureGlobel</Name>
									<Value>00000000-0000-0000-0000-000000000000</Value>
								</Element>
								<Element index="3">
									<Name>ScreenTexture</Name>
									<Value>00000000-0000-0000-0000-000000000000</Value>
								</Element>
								<Element index="4">
									<Name>tIRVDayTextureA</Name>
									<Value>00000000-0000-0000-0000-000000000000</Value>
								</Element>
								<Element index="5">
									<Name>tIRVNightTextureA</Name>
									<Value>00000000-0000-0000-0000-000000000000</Value>
								</Element>
								<Element index="6">
									<Name>tScatteringAndTransmittanceVolume</Name>
									<Value>00000000-0000-0000-0000-000000000000</Value>
								</Element>
								<Element index="7">
									<Name>tShadowMapArray</Name>
									<Value>00000000-0000-0000-0000-000000000000</Value>
								</Element>
								<Element index="8">
									<Name>InvFadeDistance</Name>
									<Value>1</Value>
								</Element>
								<Element index="9">
									<Name>ModulateColor</Name>
									<Value>(8, 6, 5, 2)</Value>
								</Element>
								<Element index="10">
									<Name>Soft</Name>
									<Value>true</Value>
								</Element>
								<Element index="11">
									<Name>HDRScale</Name>
									<Value>10</Value>
								</Element>
								<Element index="12">
									<Name>UVScale</Name>
									<Value>(1, 1)</Value>
								</Element>
								<Element index="13">
									<Name>Local</Name>
									<Value>false</Value>
								</Element>
								<Element index="14">
									<Name>BloomScale</Name>
									<Value>1</Value>
								</Element>
								<Element index="15">
									<Name>FogStrength</Name>
									<Value>0</Value>
								</Element>
								<Element index="16">
									<Name>DepthBias</Name>
									<Value>0</Value>
								</Element>
								<Element index="17">
									<Name>Distortion</Name>
									<Value>0</Value>
								</Element>
							</Parameters>
							<MultiPassMaterials count="0" ordered="true"/>
						</Element>
						<Element index="2">
							<LayerName>spark01_submat</LayerName>
							<ShaderName>Particle</ShaderName>
							<Parameters count="18" ordered="true">
								<Element index="0">
									<Name>DepthBuffer</Name>
									<Value>00000000-0000-0000-0000-000000000000</Value>
								</Element>
								<Element index="1">
									<Name>DiffuseTexture</Name>
									<Value>e527ee31-8a0e-461d-8633-37d9889a2679</Value>
								</Element>
								<Element index="2">
									<Name>SSProfilesTextureGlobel</Name>
									<Value>00000000-0000-0000-0000-000000000000</Value>
								</Element>
								<Element index="3">
									<Name>ScreenTexture</Name>
									<Value>00000000-0000-0000-0000-000000000000</Value>
								</Element>
								<Element index="4">
									<Name>tIRVDayTextureA</Name>
									<Value>00000000-0000-0000-0000-000000000000</Value>
								</Element>
								<Element index="5">
									<Name>tIRVNightTextureA</Name>
									<Value>00000000-0000-0000-0000-000000000000</Value>
								</Element>
								<Element index="6">
									<Name>tScatteringAndTransmittanceVolume</Name>
									<Value>00000000-0000-0000-0000-000000000000</Value>
								</Element>
								<Element index="7">
									<Name>tShadowMapArray</Name>
									<Value>00000000-0000-0000-0000-000000000000</Value>
								</Element>
								<Element index="8">
									<Name>InvFadeDistance</Name>
									<Value>1</Value>
								</Element>
								<Element index="9">
									<Name>ModulateColor</Name>
									<Value>(4, 4, 4, 5)</Value>
								</Element>
								<Element index="10">
									<Name>Soft</Name>
									<Value>true</Value>
								</Element>
								<Element index="11">
									<Name>HDRScale</Name>
									<Value>2</Value>
								</Element>
								<Element index="12">
									<Name>UVScale</Name>
									<Value>(1, 1)</Value>
								</Element>
								<Element index="13">
									<Name>Local</Name>
									<Value>false</Value>
								</Element>
								<Element index="14">
									<Name>BloomScale</Name>
									<Value>1</Value>
								</Element>
								<Element index="15">
									<Name>FogStrength</Name>
									<Value>0</Value>
								</Element>
								<Element index="16">
									<Name>DepthBias</Name>
									<Value>0</Value>
								</Element>
								<Element index="17">
									<Name>Distortion</Name>
									<Value>0</Value>
								</Element>
							</Parameters>
							<MultiPassMaterials count="0" ordered="true"/>
						</Element>
						<Element index="3">
							<LayerName>spark02_submat</LayerName>
							<ShaderName>Particle</ShaderName>
							<Parameters count="18" ordered="true">
								<Element index="0">
									<Name>DepthBuffer</Name>
									<Value>00000000-0000-0000-0000-000000000000</Value>
								</Element>
								<Element index="1">
									<Name>DiffuseTexture</Name>
									<Value>e8b892dc-ffd9-5c5b-b9f1-b17aff83d618</Value>
								</Element>
								<Element index="2">
									<Name>SSProfilesTextureGlobel</Name>
									<Value>00000000-0000-0000-0000-000000000000</Value>
								</Element>
								<Element index="3">
									<Name>ScreenTexture</Name>
									<Value>00000000-0000-0000-0000-000000000000</Value>
								</Element>
								<Element index="4">
									<Name>tIRVDayTextureA</Name>
									<Value>00000000-0000-0000-0000-000000000000</Value>
								</Element>
								<Element index="5">
									<Name>tIRVNightTextureA</Name>
									<Value>00000000-0000-0000-0000-000000000000</Value>
								</Element>
								<Element index="6">
									<Name>tScatteringAndTransmittanceVolume</Name>
									<Value>00000000-0000-0000-0000-000000000000</Value>
								</Element>
								<Element index="7">
									<Name>tShadowMapArray</Name>
									<Value>00000000-0000-0000-0000-000000000000</Value>
								</Element>
								<Element index="8">
									<Name>InvFadeDistance</Name>
									<Value>1</Value>
								</Element>
								<Element index="9">
									<Name>ModulateColor</Name>
									<Value>(5, 5, 5, 3)</Value>
								</Element>
								<Element index="10">
									<Name>Soft</Name>
									<Value>true</Value>
								</Element>
								<Element index="11">
									<Name>HDRScale</Name>
									<Value>4</Value>
								</Element>
								<Element index="12">
									<Name>UVScale</Name>
									<Value>(1, 1)</Value>
								</Element>
								<Element index="13">
									<Name>Local</Name>
									<Value>false</Value>
								</Element>
								<Element index="14">
									<Name>BloomScale</Name>
									<Value>2</Value>
								</Element>
								<Element index="15">
									<Name>FogStrength</Name>
									<Value>0</Value>
								</Element>
								<Element index="16">
									<Name>DepthBias</Name>
									<Value>0</Value>
								</Element>
								<Element index="17">
									<Name>Distortion</Name>
									<Value>0</Value>
								</Element>
							</Parameters>
							<MultiPassMaterials count="0" ordered="true"/>
						</Element>
						<Element index="4">
							<LayerName>caihong01_submat</LayerName>
							<ShaderName>Effect/Twisted</ShaderName>
							<Parameters count="18" ordered="true">
								<Element index="0">
									<Name>DepthBuffer</Name>
									<Value>00000000-0000-0000-0000-000000000000</Value>
								</Element>
								<Element index="1">
									<Name>DiffuseTexture</Name>
									<Value>2d2fad08-09f5-43c2-89bb-8270b86260c0</Value>
								</Element>
								<Element index="2">
									<Name>MaskTexture</Name>
									<Value>5c0bd950-64fb-4c07-a14c-a10a33262a54</Value>
								</Element>
								<Element index="3">
									<Name>SSProfilesTextureGlobel</Name>
									<Value>00000000-0000-0000-0000-000000000000</Value>
								</Element>
								<Element index="4">
									<Name>TwistTexture</Name>
									<Value>00000000-0000-0000-0000-000000000000</Value>
								</Element>
								<Element index="5">
									<Name>tIRVDayTextureA</Name>
									<Value>00000000-0000-0000-0000-000000000000</Value>
								</Element>
								<Element index="6">
									<Name>tIRVNightTextureA</Name>
									<Value>00000000-0000-0000-0000-000000000000</Value>
								</Element>
								<Element index="7">
									<Name>tScatteringAndTransmittanceVolume</Name>
									<Value>00000000-0000-0000-0000-000000000000</Value>
								</Element>
								<Element index="8">
									<Name>tShadowMapArray</Name>
									<Value>00000000-0000-0000-0000-000000000000</Value>
								</Element>
								<Element index="9">
									<Name>TwistUVScolling</Name>
									<Value>(1, 1, 0, 0)</Value>
								</Element>
								<Element index="10">
									<Name>Soft</Name>
									<Value>0</Value>
								</Element>
								<Element index="11">
									<Name>DepthBias</Name>
									<Value>0</Value>
								</Element>
								<Element index="12">
									<Name>HDRScale</Name>
									<Value>2</Value>
								</Element>
								<Element index="13">
									<Name>FogStrength</Name>
									<Value>0</Value>
								</Element>
								<Element index="14">
									<Name>TwistStrength</Name>
									<Value>(0.10000000149011612, 0.10000000149011612)</Value>
								</Element>
								<Element index="15">
									<Name>ModulateColor</Name>
									<Value>(1, 1, 1, 2)</Value>
								</Element>
								<Element index="16">
									<Name>DiffuseUVScolling</Name>
									<Value>(10, -1, 0, 0)</Value>
								</Element>
								<Element index="17">
									<Name>BloomScale</Name>
									<Value>0.5</Value>
								</Element>
							</Parameters>
							<MultiPassMaterials count="0" ordered="true"/>
						</Element>
						<Element index="5">
							<LayerName>caihong02_submat</LayerName>
							<ShaderName>Effect/Twisted</ShaderName>
							<Parameters count="18" ordered="true">
								<Element index="0">
									<Name>DepthBuffer</Name>
									<Value>00000000-0000-0000-0000-000000000000</Value>
								</Element>
								<Element index="1">
									<Name>DiffuseTexture</Name>
									<Value>2d2fad08-09f5-43c2-89bb-8270b86260c0</Value>
								</Element>
								<Element index="2">
									<Name>MaskTexture</Name>
									<Value>5c0bd950-64fb-4c07-a14c-a10a33262a54</Value>
								</Element>
								<Element index="3">
									<Name>SSProfilesTextureGlobel</Name>
									<Value>00000000-0000-0000-0000-000000000000</Value>
								</Element>
								<Element index="4">
									<Name>TwistTexture</Name>
									<Value>00000000-0000-0000-0000-000000000000</Value>
								</Element>
								<Element index="5">
									<Name>tIRVDayTextureA</Name>
									<Value>00000000-0000-0000-0000-000000000000</Value>
								</Element>
								<Element index="6">
									<Name>tIRVNightTextureA</Name>
									<Value>00000000-0000-0000-0000-000000000000</Value>
								</Element>
								<Element index="7">
									<Name>tScatteringAndTransmittanceVolume</Name>
									<Value>00000000-0000-0000-0000-000000000000</Value>
								</Element>
								<Element index="8">
									<Name>tShadowMapArray</Name>
									<Value>00000000-0000-0000-0000-000000000000</Value>
								</Element>
								<Element index="9">
									<Name>TwistUVScolling</Name>
									<Value>(1, 1, 0, 0)</Value>
								</Element>
								<Element index="10">
									<Name>Soft</Name>
									<Value>0</Value>
								</Element>
								<Element index="11">
									<Name>DepthBias</Name>
									<Value>0</Value>
								</Element>
								<Element index="12">
									<Name>HDRScale</Name>
									<Value>2</Value>
								</Element>
								<Element index="13">
									<Name>FogStrength</Name>
									<Value>0</Value>
								</Element>
								<Element index="14">
									<Name>TwistStrength</Name>
									<Value>(0.1, 0.1)</Value>
								</Element>
								<Element index="15">
									<Name>ModulateColor</Name>
									<Value>(2, 2, 2, 1)</Value>
								</Element>
								<Element index="16">
									<Name>DiffuseUVScolling</Name>
									<Value>(10, 1, 0, 0)</Value>
								</Element>
								<Element index="17">
									<Name>BloomScale</Name>
									<Value>0.5</Value>
								</Element>
							</Parameters>
							<MultiPassMaterials count="0" ordered="true"/>
						</Element>
						<Element index="6">
							<LayerName>noise01_submat</LayerName>
							<ShaderName>Effect/Twisted</ShaderName>
							<Parameters count="18" ordered="true">
								<Element index="0">
									<Name>DepthBuffer</Name>
									<Value>00000000-0000-0000-0000-000000000000</Value>
								</Element>
								<Element index="1">
									<Name>DiffuseTexture</Name>
									<Value>2d4bd31f-ead8-4fca-baae-f59328cea1bd</Value>
								</Element>
								<Element index="2">
									<Name>MaskTexture</Name>
									<Value>cef5dca1-8ab8-48e1-b1db-5c8826a063cb</Value>
								</Element>
								<Element index="3">
									<Name>SSProfilesTextureGlobel</Name>
									<Value>00000000-0000-0000-0000-000000000000</Value>
								</Element>
								<Element index="4">
									<Name>TwistTexture</Name>
									<Value>8f777892-ce48-4d56-8714-7a4e85254f6a</Value>
								</Element>
								<Element index="5">
									<Name>tIRVDayTextureA</Name>
									<Value>00000000-0000-0000-0000-000000000000</Value>
								</Element>
								<Element index="6">
									<Name>tIRVNightTextureA</Name>
									<Value>00000000-0000-0000-0000-000000000000</Value>
								</Element>
								<Element index="7">
									<Name>tScatteringAndTransmittanceVolume</Name>
									<Value>00000000-0000-0000-0000-000000000000</Value>
								</Element>
								<Element index="8">
									<Name>tShadowMapArray</Name>
									<Value>00000000-0000-0000-0000-000000000000</Value>
								</Element>
								<Element index="9">
									<Name>TwistUVScolling</Name>
									<Value>(2, 1, 0, 0.1)</Value>
								</Element>
								<Element index="10">
									<Name>Soft</Name>
									<Value>0</Value>
								</Element>
								<Element index="11">
									<Name>DepthBias</Name>
									<Value>0</Value>
								</Element>
								<Element index="12">
									<Name>HDRScale</Name>
									<Value>2</Value>
								</Element>
								<Element index="13">
									<Name>FogStrength</Name>
									<Value>0</Value>
								</Element>
								<Element index="14">
									<Name>TwistStrength</Name>
									<Value>(0.1, 0.1)</Value>
								</Element>
								<Element index="15">
									<Name>ModulateColor</Name>
									<Value>(1.5, 1.5, 1.5, 1.5)</Value>
								</Element>
								<Element index="16">
									<Name>DiffuseUVScolling</Name>
									<Value>(6, 1.5, 0, 0.5)</Value>
								</Element>
								<Element index="17">
									<Name>BloomScale</Name>
									<Value>0.5</Value>
								</Element>
							</Parameters>
							<MultiPassMaterials count="0" ordered="true"/>
						</Element>
						<Element index="7">
							<LayerName>light01_submat</LayerName>
							<ShaderName>Effect/Twisted</ShaderName>
							<Parameters count="18" ordered="true">
								<Element index="0">
									<Name>DepthBuffer</Name>
									<Value>00000000-0000-0000-0000-000000000000</Value>
								</Element>
								<Element index="1">
									<Name>DiffuseTexture</Name>
									<Value>dbf13cc5-2eec-44f8-bfec-d7ee1d050264</Value>
								</Element>
								<Element index="2">
									<Name>MaskTexture</Name>
									<Value>d717df8e-288e-4100-9559-a87bab7d36e9</Value>
								</Element>
								<Element index="3">
									<Name>SSProfilesTextureGlobel</Name>
									<Value>00000000-0000-0000-0000-000000000000</Value>
								</Element>
								<Element index="4">
									<Name>TwistTexture</Name>
									<Value>8f777892-ce48-4d56-8714-7a4e85254f6a</Value>
								</Element>
								<Element index="5">
									<Name>tIRVDayTextureA</Name>
									<Value>00000000-0000-0000-0000-000000000000</Value>
								</Element>
								<Element index="6">
									<Name>tIRVNightTextureA</Name>
									<Value>00000000-0000-0000-0000-000000000000</Value>
								</Element>
								<Element index="7">
									<Name>tScatteringAndTransmittanceVolume</Name>
									<Value>00000000-0000-0000-0000-000000000000</Value>
								</Element>
								<Element index="8">
									<Name>tShadowMapArray</Name>
									<Value>00000000-0000-0000-0000-000000000000</Value>
								</Element>
								<Element index="9">
									<Name>TwistUVScolling</Name>
									<Value>(1, 1, 0, 0)</Value>
								</Element>
								<Element index="10">
									<Name>Soft</Name>
									<Value>0</Value>
								</Element>
								<Element index="11">
									<Name>DepthBias</Name>
									<Value>0</Value>
								</Element>
								<Element index="12">
									<Name>HDRScale</Name>
									<Value>2</Value>
								</Element>
								<Element index="13">
									<Name>FogStrength</Name>
									<Value>0</Value>
								</Element>
								<Element index="14">
									<Name>TwistStrength</Name>
									<Value>(0, 0)</Value>
								</Element>
								<Element index="15">
									<Name>ModulateColor</Name>
									<Value>(1.0, 1.0, 1.0, 1.0)</Value>
								</Element>
								<Element index="16">
									<Name>DiffuseUVScolling</Name>
									<Value>(1, 1, 0, 0)</Value>
								</Element>
								<Element index="17">
									<Name>BloomScale</Name>
									<Value>0.5</Value>
								</Element>
							</Parameters>
							<MultiPassMaterials count="0" ordered="true"/>
						</Element>
						<Element index="8">
							<LayerName>noise03_submat</LayerName>
							<ShaderName>Effect/Twisted</ShaderName>
							<Parameters count="18" ordered="true">
								<Element index="0">
									<Name>DepthBuffer</Name>
									<Value>00000000-0000-0000-0000-000000000000</Value>
								</Element>
								<Element index="1">
									<Name>DiffuseTexture</Name>
									<Value>254377a2-cb42-4203-9696-ded55b7b1ed8</Value>
								</Element>
								<Element index="2">
									<Name>MaskTexture</Name>
									<Value>cef5dca1-8ab8-48e1-b1db-5c8826a063cb</Value>
								</Element>
								<Element index="3">
									<Name>SSProfilesTextureGlobel</Name>
									<Value>00000000-0000-0000-0000-000000000000</Value>
								</Element>
								<Element index="4">
									<Name>TwistTexture</Name>
									<Value>8f777892-ce48-4d56-8714-7a4e85254f6a</Value>
								</Element>
								<Element index="5">
									<Name>tIRVDayTextureA</Name>
									<Value>00000000-0000-0000-0000-000000000000</Value>
								</Element>
								<Element index="6">
									<Name>tIRVNightTextureA</Name>
									<Value>00000000-0000-0000-0000-000000000000</Value>
								</Element>
								<Element index="7">
									<Name>tScatteringAndTransmittanceVolume</Name>
									<Value>00000000-0000-0000-0000-000000000000</Value>
								</Element>
								<Element index="8">
									<Name>tShadowMapArray</Name>
									<Value>00000000-0000-0000-0000-000000000000</Value>
								</Element>
								<Element index="9">
									<Name>TwistUVScolling</Name>
									<Value>(1, 1, 0, 0)</Value>
								</Element>
								<Element index="10">
									<Name>Soft</Name>
									<Value>0</Value>
								</Element>
								<Element index="11">
									<Name>DepthBias</Name>
									<Value>0</Value>
								</Element>
								<Element index="12">
									<Name>HDRScale</Name>
									<Value>2</Value>
								</Element>
								<Element index="13">
									<Name>FogStrength</Name>
									<Value>0</Value>
								</Element>
								<Element index="14">
									<Name>TwistStrength</Name>
									<Value>(0, 0)</Value>
								</Element>
								<Element index="15">
									<Name>ModulateColor</Name>
									<Value>(2, 2, 2, 1)</Value>
								</Element>
								<Element index="16">
									<Name>DiffuseUVScolling</Name>
									<Value>(1, 1, 0, 0)</Value>
								</Element>
								<Element index="17">
									<Name>BloomScale</Name>
									<Value>0.5</Value>
								</Element>
							</Parameters>
							<MultiPassMaterials count="0" ordered="true"/>
						</Element>
						<Element index="9">
							<LayerName>noise04_submat</LayerName>
							<ShaderName>Effect/Twisted</ShaderName>
							<Parameters count="18" ordered="true">
								<Element index="0">
									<Name>DepthBuffer</Name>
									<Value>00000000-0000-0000-0000-000000000000</Value>
								</Element>
								<Element index="1">
									<Name>DiffuseTexture</Name>
									<Value>3c5d096e-7cec-4350-8ef6-5226594bfa8e</Value>
								</Element>
								<Element index="2">
									<Name>MaskTexture</Name>
									<Value>cef5dca1-8ab8-48e1-b1db-5c8826a063cb</Value>
								</Element>
								<Element index="3">
									<Name>SSProfilesTextureGlobel</Name>
									<Value>00000000-0000-0000-0000-000000000000</Value>
								</Element>
								<Element index="4">
									<Name>TwistTexture</Name>
									<Value>8f777892-ce48-4d56-8714-7a4e85254f6a</Value>
								</Element>
								<Element index="5">
									<Name>tIRVDayTextureA</Name>
									<Value>00000000-0000-0000-0000-000000000000</Value>
								</Element>
								<Element index="6">
									<Name>tIRVNightTextureA</Name>
									<Value>00000000-0000-0000-0000-000000000000</Value>
								</Element>
								<Element index="7">
									<Name>tScatteringAndTransmittanceVolume</Name>
									<Value>00000000-0000-0000-0000-000000000000</Value>
								</Element>
								<Element index="8">
									<Name>tShadowMapArray</Name>
									<Value>00000000-0000-0000-0000-000000000000</Value>
								</Element>
								<Element index="9">
									<Name>TwistUVScolling</Name>
									<Value>(2, 1, 0, 0.1)</Value>
								</Element>
								<Element index="10">
									<Name>Soft</Name>
									<Value>0</Value>
								</Element>
								<Element index="11">
									<Name>DepthBias</Name>
									<Value>0</Value>
								</Element>
								<Element index="12">
									<Name>HDRScale</Name>
									<Value>2</Value>
								</Element>
								<Element index="13">
									<Name>FogStrength</Name>
									<Value>0</Value>
								</Element>
								<Element index="14">
									<Name>TwistStrength</Name>
									<Value>(0.2, 0.2)</Value>
								</Element>
								<Element index="15">
									<Name>ModulateColor</Name>
									<Value>(1.0, 1.0, 1.0, 1.0)</Value>
								</Element>
								<Element index="16">
									<Name>DiffuseUVScolling</Name>
									<Value>(5, 2, 0, 0.5)</Value>
								</Element>
								<Element index="17">
									<Name>BloomScale</Name>
									<Value>0.5</Value>
								</Element>
							</Parameters>
							<MultiPassMaterials count="0" ordered="true"/>
						</Element>
						<Element index="10">
							<LayerName>fazhen01_submat</LayerName>
							<ShaderName>Particle</ShaderName>
							<Parameters count="18" ordered="true">
								<Element index="0">
									<Name>DepthBuffer</Name>
									<Value>00000000-0000-0000-0000-000000000000</Value>
								</Element>
								<Element index="1">
									<Name>DiffuseTexture</Name>
									<Value>9cf2dbb9-025f-45a9-8ed7-a5bf0f426006</Value>
								</Element>
								<Element index="2">
									<Name>SSProfilesTextureGlobel</Name>
									<Value>00000000-0000-0000-0000-000000000000</Value>
								</Element>
								<Element index="3">
									<Name>ScreenTexture</Name>
									<Value>00000000-0000-0000-0000-000000000000</Value>
								</Element>
								<Element index="4">
									<Name>tIRVDayTextureA</Name>
									<Value>00000000-0000-0000-0000-000000000000</Value>
								</Element>
								<Element index="5">
									<Name>tIRVNightTextureA</Name>
									<Value>00000000-0000-0000-0000-000000000000</Value>
								</Element>
								<Element index="6">
									<Name>tScatteringAndTransmittanceVolume</Name>
									<Value>00000000-0000-0000-0000-000000000000</Value>
								</Element>
								<Element index="7">
									<Name>tShadowMapArray</Name>
									<Value>00000000-0000-0000-0000-000000000000</Value>
								</Element>
								<Element index="8">
									<Name>InvFadeDistance</Name>
									<Value>0</Value>
								</Element>
								<Element index="9">
									<Name>ModulateColor</Name>
									<Value>(1, 1, 1, 0.25)</Value>
								</Element>
								<Element index="10">
									<Name>Soft</Name>
									<Value>0</Value>
								</Element>
								<Element index="11">
									<Name>HDRScale</Name>
									<Value>2</Value>
								</Element>
								<Element index="12">
									<Name>UVScale</Name>
									<Value>(1, 1)</Value>
								</Element>
								<Element index="13">
									<Name>Local</Name>
									<Value>1</Value>
								</Element>
								<Element index="14">
									<Name>BloomScale</Name>
									<Value>0.5</Value>
								</Element>
								<Element index="15">
									<Name>FogStrength</Name>
									<Value>0</Value>
								</Element>
								<Element index="16">
									<Name>DepthBias</Name>
									<Value>0</Value>
								</Element>
								<Element index="17">
									<Name>Distortion</Name>
									<Value>0</Value>
								</Element>
							</Parameters>
							<MultiPassMaterials count="0" ordered="true"/>
						</Element>
						<Element index="11">
							<LayerName>fazhen02_submat</LayerName>
							<ShaderName>Particle</ShaderName>
							<Parameters count="18" ordered="true">
								<Element index="0">
									<Name>DepthBuffer</Name>
									<Value>00000000-0000-0000-0000-000000000000</Value>
								</Element>
								<Element index="1">
									<Name>DiffuseTexture</Name>
									<Value>9cf2dbb9-025f-45a9-8ed7-a5bf0f426006</Value>
								</Element>
								<Element index="2">
									<Name>SSProfilesTextureGlobel</Name>
									<Value>00000000-0000-0000-0000-000000000000</Value>
								</Element>
								<Element index="3">
									<Name>ScreenTexture</Name>
									<Value>00000000-0000-0000-0000-000000000000</Value>
								</Element>
								<Element index="4">
									<Name>tIRVDayTextureA</Name>
									<Value>00000000-0000-0000-0000-000000000000</Value>
								</Element>
								<Element index="5">
									<Name>tIRVNightTextureA</Name>
									<Value>00000000-0000-0000-0000-000000000000</Value>
								</Element>
								<Element index="6">
									<Name>tScatteringAndTransmittanceVolume</Name>
									<Value>00000000-0000-0000-0000-000000000000</Value>
								</Element>
								<Element index="7">
									<Name>tShadowMapArray</Name>
									<Value>00000000-0000-0000-0000-000000000000</Value>
								</Element>
								<Element index="8">
									<Name>InvFadeDistance</Name>
									<Value>0</Value>
								</Element>
								<Element index="9">
									<Name>ModulateColor</Name>
									<Value>(1, 1, 1, 0.2)</Value>
								</Element>
								<Element index="10">
									<Name>Soft</Name>
									<Value>0</Value>
								</Element>
								<Element index="11">
									<Name>HDRScale</Name>
									<Value>2</Value>
								</Element>
								<Element index="12">
									<Name>UVScale</Name>
									<Value>(1, 1)</Value>
								</Element>
								<Element index="13">
									<Name>Local</Name>
									<Value>1</Value>
								</Element>
								<Element index="14">
									<Name>BloomScale</Name>
									<Value>0.5</Value>
								</Element>
								<Element index="15">
									<Name>FogStrength</Name>
									<Value>0</Value>
								</Element>
								<Element index="16">
									<Name>DepthBias</Name>
									<Value>0</Value>
								</Element>
								<Element index="17">
									<Name>Distortion</Name>
									<Value>0</Value>
								</Element>
							</Parameters>
							<MultiPassMaterials count="0" ordered="true"/>
						</Element>
					</Layers>
				</info>
				<flags count="12" ordered="true">
					<Element index="0">1048624</Element>
					<Element index="1">1048624</Element>
					<Element index="2">1048624</Element>
					<Element index="3">1048624</Element>
					<Element index="4">1048624</Element>
					<Element index="5">1048624</Element>
					<Element index="6">1048624</Element>
					<Element index="7">1048624</Element>
					<Element index="8">1048624</Element>
					<Element index="9">1048624</Element>
					<Element index="10">1048624</Element>
					<Element index="11">1048624</Element>
				</flags>
				<customRenderset count="12" ordered="true">
					<Element index="0">0</Element>
					<Element index="1">0</Element>
					<Element index="2">0</Element>
					<Element index="3">0</Element>
					<Element index="4">0</Element>
					<Element index="5">0</Element>
					<Element index="6">0</Element>
					<Element index="7">0</Element>
					<Element index="8">0</Element>
					<Element index="9">0</Element>
					<Element index="10">0</Element>
					<Element index="11">0</Element>
				</customRenderset>
			</Entity>
		</Root>
	</SMaterialData>
</Resource>
