{
    "134222083": {
        "editor_effect": {
            "model_id": 134222083, 
            "name": "\u8fd1\u6218\u5149\u6548", 
            "res_type": "kkres", 
            "version": 1, 
            "describe": 134222083, 
            "key": 134222083, 
            "res_identify": "", 
            "scale": 1.0, 
            "uid": 134222083, 
            "md5": "ea84aa4d42791132c0159731a2dbda8c", 
            "source_effect": 103606
        }, 
        "model": {
            "name": "\u8fd1\u6218\u5149\u6548", 
            "model_id": 134222083, 
            "meshes": [], 
            "effect_path": "Fx_Effect/LuoLin/Fx_Skill/Knife/Knife_LuoLing_boss03_attack_copy", 
            "custom": true, 
            "effect_keep": false, 
            "effect_max_life": 0.4200000056, 
            "is_beam_effect": false
        }
    }, 
    "res_type": "editor_effect", 
    "import_export_folder_info": "/code_explorer_custom_root_folder_name"
}