{
    "134264783": {
        "editor_effect": {
            "describe": 134264783, 
            "key": 134264783, 
            "md5": "96641321b91608611685e07cf1882727", 
            "model_id": 134274139, 
            "name": "\u5965\u672f\u9707\u6151", 
            "preview_icon": "", 
            "res_identify": "", 
            "res_type": "kkres", 
            "scale": 1.0, 
            "source_effect": [
                103394
            ], 
            "uid": "134264783", 
            "version": 1
        }, 
        "model": {
            "custom": true, 
            "effect_keep": false, 
            "effect_max_life": 2.5999999, 
            "effect_path": "Fx_Effect/LuoLin/Fx_Skill/Light/Light_LuoLing_kpsx0001_copy", 
            "is_beam_effect": false, 
            "meshes": [], 
            "model_id": 134274139, 
            "name": "\u5965\u672f\u9707\u6151"
        }
    }, 
    "res_type": "editor_effect", 
    "import_export_folder_info": "/code_explorer_custom_root_folder_name"
}