{
    "134283005": {
        "editor_effect": {
            "describe": 134226649, 
            "key": 134283005, 
            "md5": "36e4201132bdecfce97812f7fe813509", 
            "model_id": 134283005, 
            "name": "\u65e0\u754f\u8fde\u51fb\u6295\u63b7\u7269_1", 
            "res_identify": "", 
            "res_type": "kkres", 
            "scale": 1.0, 
            "source_effect": [
                104706
            ], 
            "uid": 134283005, 
            "version": 1
        }, 
        "model": {
            "custom": true, 
            "effect_keep": false, 
            "effect_max_life": 0.649999988, 
            "effect_path": "Fx_Effect/Overseas/Fx_Skill/Light/Light_overseas_900083_attack_a0001_copy", 
            "is_beam_effect": false, 
            "meshes": [], 
            "model_id": 134283005, 
            "name": "\u65e0\u754f\u8fde\u51fb\u6295\u63b7\u7269_1"
        }
    }, 
    "res_type": "editor_effect", 
    "import_export_folder_info": "/code_explorer_custom_root_folder_name"
}