{
    "134244469": {
        "editor_effect": {
            "describe": 134244469, 
            "key": 134244469, 
            "md5": "bcb13e3cab5fd805a020724559596682", 
            "model_id": 134240610, 
            "name": "\u70c8\u7130\u65a9\u6295\u63b7\u7269", 
            "preview_icon": "", 
            "res_identify": "", 
            "res_type": "kkres", 
            "scale": 1.0, 
            "source_effect": [
                104626
            ], 
            "uid": "134244469", 
            "version": 1
        }, 
        "model": {
            "custom": true, 
            "effect_keep": false, 
            "effect_max_life": 1.300000012, 
            "effect_path": "Fx_Effect/Overseas/Fx_Skill/Fire/Fire_overseas_900074_attack_a0001_copy", 
            "is_beam_effect": false, 
            "meshes": [], 
            "model_id": 134240610, 
            "name": "\u70c8\u7130\u65a9\u6295\u63b7\u7269"
        }
    }, 
    "res_type": "editor_effect", 
    "import_export_folder_info": "/code_explorer_custom_root_folder_name"
}