{
    "134254954": {
        "editor_effect": {
            "model_id": 134254954, 
            "name": "\u6e85\u5c04\u4f24\u5bb3\u6295\u63b7\u56681_1", 
            "res_type": "kkres", 
            "version": 1, 
            "describe": 134254954, 
            "key": 134254954, 
            "res_identify": "", 
            "scale": 1.0, 
            "uid": 134254954, 
            "md5": "b0658012e0814c07c514ba3b93f6d88a"
        }, 
        "model": {
            "name": "\u6e85\u5c04\u4f24\u5bb3\u6295\u63b7\u56681_1", 
            "model_id": 134254954, 
            "meshes": [], 
            "effect_path": "Fx_Effect/Cartoon/Fx_Skill/Ballistic/3dd3a3e1-4eea-40ef-93c3-44005af7fa1f", 
            "custom": true, 
            "effect_keep": true, 
            "effect_max_life": -1, 
            "is_beam_effect": false
        }
    }, 
    "res_type": "editor_effect", 
    "import_export_folder_info": "/code_explorer_custom_root_folder_name"
}