{
    "134225156": {
        "editor_effect": {
            "model_id": 134225156, 
            "name": "\u7ea2\u8272\u7838\u5730", 
            "res_type": "kkres", 
            "version": 1, 
            "describe": 134225156, 
            "key": 134225156, 
            "res_identify": "", 
            "scale": 1.0, 
            "uid": 134225156, 
            "md5": "69da240e9a2032df9c16ba65591a9f4f", 
            "source_effect": 104652
        }, 
        "model": {
            "name": "\u7ea2\u8272\u7838\u5730", 
            "model_id": 134225156, 
            "meshes": [], 
            "effect_path": "Fx_Effect/Overseas/Fx_Skill/Soil/Soil_overseas_900002_ability3_a0001_copy", 
            "custom": true, 
            "effect_keep": false, 
            "effect_max_life": 1.9299999793, 
            "is_beam_effect": false
        }
    }, 
    "res_type": "editor_effect", 
    "import_export_folder_info": "/code_explorer_custom_root_folder_name"
}