{
    "134251615": {
        "editor_effect": {
            "model_id": 134251615, 
            "name": "\u5730\u88c2\u7834\u6295\u63b7\u7269_1_1", 
            "res_type": "kkres", 
            "version": 1, 
            "describe": 134278891, 
            "key": 134251615, 
            "res_identify": "", 
            "scale": 1.0, 
            "uid": 134251615, 
            "md5": "d1e015ee4790bc21d645e5728007626a"
        }, 
        "model": {
            "name": "\u5730\u88c2\u7834\u6295\u63b7\u7269_1_1", 
            "model_id": 134251615, 
            "meshes": [], 
            "effect_path": "Fx_Effect/Cartoon/Fx_Skill/Soil/Soil_1001_skill_b_03_spec_02_copy", 
            "custom": true, 
            "effect_keep": false, 
            "effect_max_life": 3.399999976, 
            "is_beam_effect": false
        }
    }, 
    "res_type": "editor_effect", 
    "import_export_folder_info": "/code_explorer_custom_root_folder_name"
}