{
    "134237788": {
        "editor_effect": {
            "model_id": 134237788, 
            "name": "\u77ac\u95f4\u65a9\u6295\u63b7\u7269", 
            "res_type": "kkres", 
            "version": 1, 
            "describe": 134237788, 
            "key": 134237788, 
            "res_identify": "", 
            "scale": 1.0, 
            "uid": 134237788, 
            "md5": "008a94fc7d3a2ab2716b4153cc75ef1e"
        }, 
        "model": {
            "name": "\u77ac\u95f4\u65a9\u6295\u63b7\u7269", 
            "model_id": 134237788, 
            "meshes": [], 
            "effect_path": "Fx_Effect/Realism/Fx_Skill/Fire/5ef66a14-a130-407f-8249-11ac400328ed", 
            "custom": true, 
            "effect_keep": false, 
            "effect_max_life": 2.85, 
            "is_beam_effect": false
        }
    }, 
    "res_type": "editor_effect", 
    "import_export_folder_info": "/code_explorer_custom_root_folder_name"
}