{
    "134240029": {
        "editor_effect": {
            "describe": 134240029, 
            "key": 134240029, 
            "md5": "c2238bd7f54988db62c7f7bfe65104e4", 
            "model_id": 134277283, 
            "name": "\u5bab\u5ef7\u62a4\u536b", 
            "preview_icon": "", 
            "res_identify": "", 
            "res_type": "kkres", 
            "scale": 1.0, 
            "source_effect": [
                104178
            ], 
            "uid": "134240029", 
            "version": 1
        }, 
        "model": {
            "custom": true, 
            "effect_keep": false, 
            "effect_max_life": 0.449999988, 
            "effect_path": "Fx_Effect/Realism/Fx_Skill/Knife/Knife_X1_zhangliao_hyjz_b0002_copy", 
            "is_beam_effect": false, 
            "meshes": [], 
            "model_id": 134277283, 
            "name": "\u5bab\u5ef7\u62a4\u536b"
        }
    }, 
    "res_type": "editor_effect", 
    "import_export_folder_info": "/code_explorer_custom_root_folder_name"
}