{
    "134261093": {
        "editor_effect": {
            "model_id": 134222935, 
            "preview_icon": "", 
            "name": "\u5f20\u5b9d\u653b\u51fb", 
            "describe": 134261093, 
            "key": 134261093, 
            "res_type": "kkres", 
            "res_identify": "", 
            "scale": 1.0, 
            "uid": "134261093", 
            "source_effect": [
                101803
            ]
        }, 
        "model": {
            "name": "\u5f20\u5b9d\u653b\u51fb", 
            "model_id": 134222935, 
            "effect_path": "Fx_Effect/Realism/Fx_Skill/Ballistic/Ballistic_Other_Arrow_of_light_001_copy", 
            "meshes": [], 
            "custom": true, 
            "effect_keep": true, 
            "effect_max_life": -1, 
            "is_beam_effect": false
        }
    }, 
    "res_type": "editor_effect", 
    "import_export_folder_info": "/code_explorer_custom_root_folder_name"
}