{
    "134217764": {
        "editor_effect": {
            "model_id": 134241380, 
            "preview_icon": "", 
            "name": "\u4ee5\u8840\u517b\u6218", 
            "describe": 134217764, 
            "key": 134217764, 
            "res_type": "kkres", 
            "res_identify": "", 
            "scale": 1.0, 
            "uid": "134217764", 
            "source_effect": [
                101628
            ]
        }, 
        "model": {
            "name": "\u4ee5\u8840\u517b\u6218", 
            "model_id": 134241380, 
            "effect_path": "Fx_Effect/Realism/Fx_Skill/Shadow/Shadow_sjbl_attack12_01_copy", 
            "meshes": [], 
            "custom": true, 
            "effect_keep": false, 
            "effect_max_life": 1.5800000239999998, 
            "is_beam_effect": false
        }
    }, 
    "res_type": "editor_effect", 
    "import_export_folder_info": "/code_explorer_custom_root_folder_name"
}