{
    "134219950": {
        "editor_effect": {
            "model_id": 134219950, 
            "name": "\u62a4\u536b\u51b2\u649e\u6295\u63b7\u7269", 
            "res_type": "kkres", 
            "version": 1, 
            "describe": 134219950, 
            "key": 134219950, 
            "res_identify": "", 
            "scale": 1.0, 
            "uid": 134219950, 
            "md5": "0e887055c16dc69d541b2b1d906594bd"
        }, 
        "model": {
            "name": "\u62a4\u536b\u51b2\u649e\u6295\u63b7\u7269", 
            "model_id": 134219950, 
            "meshes": [], 
            "effect_path": "Fx_Effect/Realism/Fx_Skill/Light/2f0d324f-7eb5-461e-8bd8-227d1dc12a7b", 
            "custom": true, 
            "effect_keep": true, 
            "effect_max_life": -1, 
            "is_beam_effect": false
        }
    }, 
    "res_type": "editor_effect", 
    "import_export_folder_info": "/code_explorer_custom_root_folder_name"
}