{
    "134247861": {
        "editor_effect": {
            "describe": 134247861, 
            "key": 134247861, 
            "md5": "aaf19599c316c8be736f91b02e2e952c", 
            "model_id": 134225218, 
            "name": "\u9f99\u6295\u5c04\u7269", 
            "preview_icon": "", 
            "res_identify": "", 
            "res_type": "kkres", 
            "scale": 1.0, 
            "source_effect": [
                100873
            ], 
            "uid": "134247861", 
            "version": 1
        }, 
        "model": {
            "custom": true, 
            "effect_keep": false, 
            "effect_max_life": 0.9523809977324285, 
            "effect_path": "Fx_Effect/Cartoon/Fx_Skill/Ballistic/Ballistic_pet_trailling_21_01_copy", 
            "is_beam_effect": false, 
            "meshes": [], 
            "model_id": 134225218, 
            "name": "\u9f99\u6295\u5c04\u7269"
        }
    }, 
    "res_type": "editor_effect", 
    "import_export_folder_info": "/code_explorer_custom_root_folder_name"
}