{
    "134254445": {
        "editor_effect": {
            "model_id": 134254445, 
            "name": "\u62a4\u536b\u5927\u62db_1", 
            "res_type": "kkres", 
            "version": 1, 
            "describe": 134254445, 
            "key": 134254445, 
            "res_identify": "", 
            "scale": 1.0, 
            "uid": 134254445, 
            "md5": "5a14acb36a210186d80064a06ede4a0b", 
            "source_effect": 102455
        }, 
        "model": {
            "name": "\u62a4\u536b\u5927\u62db_1", 
            "model_id": 134254445, 
            "meshes": [], 
            "effect_path": "Fx_Effect/OtherType/Other_Type_blank_copy", 
            "custom": true, 
            "effect_keep": true, 
            "effect_max_life": -1, 
            "is_beam_effect": false
        }
    }, 
    "res_type": "editor_effect", 
    "import_export_folder_info": "/code_explorer_custom_root_folder_name"
}