{
    "134263686": {
        "editor_effect": {
            "model_id": 134263686, 
            "name": "\u62a4\u536b\u672f\u58eb\u6295\u63b7\u7269", 
            "res_type": "kkres", 
            "version": 1, 
            "describe": 134263686, 
            "key": 134263686, 
            "res_identify": "", 
            "scale": 1.0, 
            "uid": 134263686, 
            "md5": "f90d3748b4acc4f84b8b1c51ff6add04"
        }, 
        "model": {
            "name": "\u62a4\u536b\u672f\u58eb\u6295\u63b7\u7269", 
            "model_id": 134263686, 
            "meshes": [], 
            "effect_path": "Fx_Effect/Cartoon/Fx_Skill/Electric/189428ae-7954-41b7-b616-e124025e8d73", 
            "custom": true, 
            "effect_keep": false, 
            "effect_max_life": 1.690000066, 
            "is_beam_effect": false
        }
    }, 
    "res_type": "editor_effect", 
    "import_export_folder_info": "/code_explorer_custom_root_folder_name"
}