{
    "134244762": {
        "editor_effect": {
            "model_id": 134256543, 
            "preview_icon": "", 
            "name": "\u65e0\u5f62\u5200\u950b", 
            "describe": 134244762, 
            "key": 134244762, 
            "res_type": "kkres", 
            "res_identify": "", 
            "scale": 1.0, 
            "uid": "134244762", 
            "source_effect": [
                102455, 
                102249
            ]
        }, 
        "model": {
            "name": "\u65e0\u5f62\u5200\u950b", 
            "model_id": 134256543, 
            "effect_path": "Fx_Effect/OtherType/Other_Type_blank_copy_7", 
            "meshes": [], 
            "custom": true, 
            "effect_keep": false, 
            "effect_max_life": 0.300000012, 
            "is_beam_effect": false
        }
    }, 
    "res_type": "editor_effect", 
    "import_export_folder_info": "/code_explorer_custom_root_folder_name/\u666e\u653b"
}