{
    "134220110": {
        "editor_effect": {
            "model_id": 134220110, 
            "name": "\u5178\u97e6\u5927\u62db\u6280\u80fd", 
            "res_type": "kkres", 
            "version": 1, 
            "describe": 134220110, 
            "key": 134220110, 
            "res_identify": "", 
            "scale": 1.0, 
            "uid": 134220110, 
            "md5": "46c56de91458a1101aebe2c0047dce47", 
            "source_effect": 104315
        }, 
        "model": {
            "name": "\u5178\u97e6\u5927\u62db\u6280\u80fd", 
            "model_id": 134220110, 
            "meshes": [], 
            "effect_path": "Fx_Effect/Overseas/Fx_Skill/Fire/Fire_overseas_900024_ability4_a0001_copy", 
            "custom": true, 
            "effect_keep": false, 
            "effect_max_life": 2.5, 
            "is_beam_effect": false
        }
    }, 
    "res_type": "editor_effect", 
    "import_export_folder_info": "/code_explorer_custom_root_folder_name"
}