{
    "134270915": {
        "editor_effect": {
            "describe": 134270915, 
            "key": 134270915, 
            "md5": "c4f92691a281f3d3254ea0d751e7f372", 
            "model_id": 134227915, 
            "name": "\u66b4\u51fb", 
            "preview_icon": "", 
            "res_identify": "", 
            "res_type": "kkres", 
            "scale": 1.0, 
            "source_effect": [
                102455, 
                104701, 
                102455
            ], 
            "uid": "134270915", 
            "version": 1
        }, 
        "model": {
            "custom": true, 
            "effect_keep": false, 
            "effect_max_life": 2.1299999993, 
            "effect_path": "Fx_Effect/OtherType/Other_Type_blank_copy_16", 
            "is_beam_effect": false, 
            "meshes": [], 
            "model_id": 134227915, 
            "name": "\u66b4\u51fb"
        }
    }, 
    "res_type": "editor_effect", 
    "import_export_folder_info": "/code_explorer_custom_root_folder_name/\u66b4\u51fb"
}