{
    "134237965": {
        "editor_effect": {
            "describe": 134259286, 
            "key": 134237965, 
            "md5": "68d3d036b3005e26695637eb1d586aef", 
            "model_id": 134237965, 
            "name": "\u5f3a\u529b\u987a\u5288\u6295\u63b7\u7269_1", 
            "res_identify": "", 
            "res_type": "kkres", 
            "scale": 1.0, 
            "source_effect": [
                102324
            ], 
            "uid": 134237965, 
            "version": 1
        }, 
        "model": {
            "custom": true, 
            "effect_keep": true, 
            "effect_max_life": -1, 
            "effect_path": "Fx_Effect/Realism/Fx_Skill/Knife/Knife_AX_attack05_05_copy", 
            "is_beam_effect": false, 
            "meshes": [], 
            "model_id": 134237965, 
            "name": "\u5f3a\u529b\u987a\u5288\u6295\u63b7\u7269_1"
        }
    }, 
    "res_type": "editor_effect", 
    "import_export_folder_info": "/code_explorer_custom_root_folder_name"
}