{
    "134258822": {
        "editor_effect": {
            "model_id": 134249598, 
            "preview_icon": "", 
            "name": "\u767d\u8272\u53d7\u51fb\u5149\u6548", 
            "describe": 134258822, 
            "key": 134258822, 
            "res_type": "kkres", 
            "res_identify": "", 
            "scale": 1.0, 
            "uid": "134258822", 
            "source_effect": [
                102707
            ]
        }, 
        "model": {
            "name": "\u767d\u8272\u53d7\u51fb\u5149\u6548", 
            "model_id": 134249598, 
            "effect_path": "Fx_Effect/Realism/Fx_Common/Hit/Hit_X1_tsc_attack_0001_copy", 
            "meshes": [], 
            "custom": true, 
            "effect_keep": false, 
            "effect_max_life": 0.600000024, 
            "is_beam_effect": false
        }
    }, 
    "res_type": "editor_effect", 
    "import_export_folder_info": "/code_explorer_custom_root_folder_name"
}