{
    "134278596": {
        "editor_effect": {
            "model_id": 134278596, 
            "name": "\u62a4\u536b\u5927\u62db", 
            "res_type": "kkres", 
            "version": 1, 
            "describe": 134278596, 
            "key": 134278596, 
            "res_identify": "", 
            "scale": 1.0, 
            "uid": 134278596, 
            "md5": "3d76784eecc3e128daca2282ca494d51", 
            "source_effect": 105293
        }, 
        "model": {
            "name": "\u62a4\u536b\u5927\u62db", 
            "model_id": 134278596, 
            "meshes": [], 
            "effect_path": "Fx_Effect/DM22/Fx_Skill/Fire/Fire_DM22_saerxige_Skill01_v01_copy", 
            "custom": true, 
            "effect_keep": false, 
            "effect_max_life": 2.790000012, 
            "is_beam_effect": false
        }
    }, 
    "res_type": "editor_effect", 
    "import_export_folder_info": "/code_explorer_custom_root_folder_name"
}