{
    "134234120": {
        "editor_effect": {
            "model_id": 134255273, 
            "preview_icon": "", 
            "name": "\u5f20\u98de\u666e\u653b", 
            "describe": 134234120, 
            "key": 134234120, 
            "res_type": "kkres", 
            "res_identify": "", 
            "scale": 1.0, 
            "uid": "134234120", 
            "source_effect": [
                101604
            ]
        }, 
        "model": {
            "name": "\u5f20\u98de\u666e\u653b", 
            "model_id": 134255273, 
            "effect_path": "Fx_Effect/Realism/Fx_Skill/Knife/Knife_HS_attack01_02_copy", 
            "meshes": [], 
            "custom": true, 
            "effect_keep": false, 
            "effect_max_life": 0.3500000127, 
            "is_beam_effect": false
        }
    }, 
    "res_type": "editor_effect", 
    "import_export_folder_info": "/code_explorer_custom_root_folder_name"
}