{
    "134228096": {
        "editor_effect": {
            "model_id": 134228096, 
            "name": "\u5f20\u98de\u5927\u62db", 
            "res_type": "kkres", 
            "version": 1, 
            "describe": 134228096, 
            "key": 134228096, 
            "res_identify": "", 
            "scale": 1.0, 
            "uid": 134228096, 
            "md5": "531077fe4014e02809ee3701b5377d65", 
            "source_effect": 103582
        }, 
        "model": {
            "name": "\u5f20\u98de\u5927\u62db", 
            "model_id": 134228096, 
            "meshes": [], 
            "effect_path": "Fx_Effect/Realism/Fx_Skill/Shadow/Shadow_X1_lye_elsp_c0003_copy", 
            "custom": true, 
            "effect_keep": false, 
            "effect_max_life": 1.5799999982, 
            "is_beam_effect": false
        }
    }, 
    "res_type": "editor_effect", 
    "import_export_folder_info": "/code_explorer_custom_root_folder_name"
}