{
    "134231819": {
        "editor_effect": {
            "model_id": 134231819, 
            "name": "\u91d1\u6cd5\u843d", 
            "res_type": "kkres", 
            "version": 1, 
            "describe": 134231819, 
            "key": 134231819, 
            "res_identify": "", 
            "scale": 1.0, 
            "uid": 134231819, 
            "md5": "6d51d6e9ef5bb62a034cb1f6349b4ae6"
        }, 
        "model": {
            "name": "\u91d1\u6cd5\u843d", 
            "model_id": 134231819, 
            "meshes": [], 
            "effect_path": "Fx_Effect/OtherType/79a2114a-27dc-439f-86a8-e79ed6bca749", 
            "custom": true, 
            "effect_keep": false, 
            "effect_max_life": 2.5, 
            "is_beam_effect": false
        }
    }, 
    "res_type": "editor_effect", 
    "import_export_folder_info": "/code_explorer_custom_root_folder_name"
}