{
    "134251180": {
        "editor_effect": {
            "model_id": 134279012, 
            "preview_icon": "", 
            "name": "\u62a4\u536b\u51b2\u51fb", 
            "describe": 134251180, 
            "key": 134251180, 
            "res_type": "kkres", 
            "res_identify": "", 
            "scale": 1.0, 
            "uid": "134251180", 
            "source_effect": [
                102455, 
                104308
            ], 
            "version": 1, 
            "md5": "8caaee8a04d98e22058f4120288aa1ed"
        }, 
        "model": {
            "name": "\u62a4\u536b\u51b2\u51fb", 
            "model_id": 134279012, 
            "effect_path": "Fx_Effect/OtherType/Other_Type_blank_copy_28", 
            "meshes": [], 
            "custom": true, 
            "effect_keep": true, 
            "effect_max_life": -1, 
            "is_beam_effect": false
        }
    }, 
    "res_type": "editor_effect", 
    "import_export_folder_info": "/code_explorer_custom_root_folder_name/\u62a4\u536b\u51b2\u51fb"
}