{
    "134270380": {
        "editor_effect": {
            "model_id": 134232131, 
            "preview_icon": "", 
            "name": "\u5927\u7206\u70b8", 
            "describe": 134270380, 
            "key": 134270380, 
            "res_type": "kkres", 
            "res_identify": "", 
            "scale": 1.0, 
            "uid": "134270380", 
            "source_effect": [
                102455, 
                103621
            ], 
            "version": 1, 
            "md5": "27fdfc4192aea702620130c90932d39a"
        }, 
        "model": {
            "name": "\u5927\u7206\u70b8", 
            "model_id": 134232131, 
            "effect_path": "Fx_Effect/OtherType/Other_Type_blank_copy_27", 
            "meshes": [], 
            "custom": true, 
            "effect_keep": false, 
            "effect_max_life": 0.9500000387000002, 
            "is_beam_effect": false
        }
    }, 
    "res_type": "editor_effect", 
    "import_export_folder_info": "/code_explorer_custom_root_folder_name/\u5927\u7206\u70b8"
}