{
    "134278891": {
        "editor_effect": {
            "model_id": 134278891, 
            "name": "\u5730\u88c2\u7834\u6295\u63b7\u7269_1", 
            "res_type": "kkres", 
            "version": 1, 
            "describe": 134278891, 
            "key": 134278891, 
            "res_identify": "", 
            "scale": 1.0, 
            "uid": 134278891, 
            "md5": "c6ee46f2d22b3ddf41e453f87e783715"
        }, 
        "model": {
            "name": "\u5730\u88c2\u7834\u6295\u63b7\u7269_1", 
            "model_id": 134278891, 
            "meshes": [], 
            "effect_path": "Fx_Effect/Cartoon/Fx_Skill/Soil/10d92e51-106f-44b4-99f7-9e8eb0e9e370", 
            "custom": true, 
            "effect_keep": false, 
            "effect_max_life": 3.399999976, 
            "is_beam_effect": false
        }
    }, 
    "res_type": "editor_effect", 
    "import_export_folder_info": "/code_explorer_custom_root_folder_name"
}