{
    "134247795": {
        "editor_effect": {
            "model_id": 134247795, 
            "name": "\u592a\u6781\u95e8\u7206\u70b8\u6295\u5c04\u7269", 
            "res_type": "kkres", 
            "version": 1, 
            "describe": 134247795, 
            "key": 134247795, 
            "res_identify": "", 
            "scale": 1.0, 
            "uid": 134247795, 
            "md5": "2e8571aadf23c90f9e1355088ec2543f"
        }, 
        "model": {
            "name": "\u592a\u6781\u95e8\u7206\u70b8\u6295\u5c04\u7269", 
            "model_id": 134247795, 
            "meshes": [], 
            "effect_path": "Fx_Effect/Gwsmt/Fx_Common/Boom/86cc57da-73f6-4bad-9476-6e8298a4693f", 
            "custom": true, 
            "effect_keep": false, 
            "effect_max_life": 1.6, 
            "is_beam_effect": false
        }
    }, 
    "res_type": "editor_effect", 
    "import_export_folder_info": "/code_explorer_custom_root_folder_name"
}