{
    "134276934": {
        "editor_effect": {
            "model_id": 134276934, 
            "name": "\u7eff\u8272\u6cd5\u9635", 
            "res_type": "kkres", 
            "version": 1, 
            "describe": 134276934, 
            "key": 134276934, 
            "res_identify": "", 
            "scale": 1.0, 
            "uid": 134276934, 
            "md5": "6550537b215f20cca9f1da1bbd6e4d19", 
            "source_effect": 104947
        }, 
        "model": {
            "name": "\u7eff\u8272\u6cd5\u9635", 
            "model_id": 134276934, 
            "meshes": [], 
            "effect_path": "Fx_Effect/Overseas/Fx_Skill/Light/Light_overseas_900058_ability4_a0001_copy", 
            "custom": true, 
            "effect_keep": false, 
            "effect_max_life": 1.600000001, 
            "is_beam_effect": false
        }
    }, 
    "res_type": "editor_effect", 
    "import_export_folder_info": "/code_explorer_custom_root_folder_name"
}