{
    "134257875": {
        "editor_effect": {
            "model_id": 134257875, 
            "name": "\u9ed1\u98ce\u5929\u715e_1", 
            "res_type": "kkres", 
            "version": 1, 
            "describe": 134241826, 
            "key": 134257875, 
            "res_identify": "", 
            "scale": 1.0, 
            "uid": 134257875, 
            "md5": "45afe68ed1306ffba089729e253b3eff"
        }, 
        "model": {
            "name": "\u9ed1\u98ce\u5929\u715e_1", 
            "model_id": 134257875, 
            "meshes": [], 
            "effect_path": "Fx_Effect/Realism/Fx_Skill/Wind/Wind_003_copy", 
            "custom": true, 
            "effect_keep": true, 
            "effect_max_life": -1, 
            "is_beam_effect": false
        }
    }, 
    "res_type": "editor_effect", 
    "import_export_folder_info": "/code_explorer_custom_root_folder_name"
}