{
    "134232825": {
        "editor_effect": {
            "describe": 134232825, 
            "key": 134232825, 
            "md5": "fea7aa06c6b3e1610c6bdbf178bd2840", 
            "model_id": 134266494, 
            "name": "\u5965\u672f\u6d2a\u6d41", 
            "preview_icon": "", 
            "res_identify": "", 
            "res_type": "kkres", 
            "scale": 1.0, 
            "source_effect": [
                103732
            ], 
            "uid": "134232825", 
            "version": 1
        }, 
        "model": {
            "custom": true, 
            "effect_keep": false, 
            "effect_max_life": 2.295000001, 
            "effect_path": "Fx_Effect/Gwsmt/Fx_Skill/Shadow/Shadow_Gwsmt_sxfsc_001_copy", 
            "is_beam_effect": false, 
            "meshes": [], 
            "model_id": 134266494, 
            "name": "\u5965\u672f\u6d2a\u6d41"
        }
    }, 
    "res_type": "editor_effect", 
    "import_export_folder_info": "/code_explorer_custom_root_folder_name"
}