{
    "134254694": {
        "editor_effect": {
            "describe": 134254694, 
            "key": 134254694, 
            "md5": "5e5860da37dfd1f52363fd76a84858b6", 
            "model_id": 134254694, 
            "name": "\u8bf8\u845b\u4eae\u5927\u62db", 
            "res_identify": "", 
            "res_type": "kkres", 
            "scale": 1.0, 
            "source_effect": [
                102458
            ], 
            "uid": 134254694, 
            "version": 1
        }, 
        "model": {
            "custom": true, 
            "effect_keep": false, 
            "effect_max_life": 1.400000001, 
            "effect_path": "Fx_Effect/Realism/Fx_Skill/Fire/Fire_Yxsg_lhjs_0002_copy_1", 
            "is_beam_effect": false, 
            "meshes": [], 
            "model_id": 134254694, 
            "name": "\u8bf8\u845b\u4eae\u5927\u62db"
        }
    }, 
    "res_type": "editor_effect", 
    "import_export_folder_info": "/code_explorer_custom_root_folder_name"
}