{
    "134228022": {
        "editor_effect": {
            "model_id": 134246825, 
            "preview_icon": "", 
            "name": "\u6613\u4f24", 
            "describe": 134228022, 
            "key": 134228022, 
            "res_type": "kkres", 
            "res_identify": "", 
            "scale": 1.0, 
            "uid": "134228022", 
            "source_effect": [
                102455, 
                104060
            ], 
            "version": 1, 
            "md5": "c75bceeb63119cfd5273056cb46423c5"
        }, 
        "model": {
            "name": "\u6613\u4f24", 
            "model_id": 134246825, 
            "effect_path": "Fx_Effect/OtherType/Other_Type_blank_copy_12", 
            "meshes": [], 
            "custom": true, 
            "effect_keep": false, 
            "effect_max_life": 1.2800000500000002, 
            "is_beam_effect": false
        }
    }, 
    "res_type": "editor_effect", 
    "import_export_folder_info": "/code_explorer_custom_root_folder_name/\u6613\u4f24"
}