{
    "134236991": {
        "editor_effect": {
            "model_id": 134236991, 
            "name": "\u592a\u6781\u95e8", 
            "res_type": "kkres", 
            "version": 1, 
            "describe": 134236991, 
            "key": 134236991, 
            "res_identify": "", 
            "scale": 1.0, 
            "uid": 134236991, 
            "md5": "e4c3eb963513be052780a543f887d0a3", 
            "source_effect": 101580
        }, 
        "model": {
            "name": "\u592a\u6781\u95e8", 
            "model_id": 134236991, 
            "meshes": [], 
            "effect_path": "Fx_Effect/Realism/Fx_Skill/Holy/Holy_attack09_04_copy", 
            "custom": true, 
            "effect_keep": false, 
            "effect_max_life": 1.150000006, 
            "is_beam_effect": false
        }
    }, 
    "res_type": "editor_effect", 
    "import_export_folder_info": "/code_explorer_custom_root_folder_name"
}