{
    "134222752": {
        "editor_effect": {
            "model_id": 134224699, 
            "preview_icon": "", 
            "name": "\u987a\u5288\u65a9", 
            "describe": 134222752, 
            "key": 134222752, 
            "res_type": "kkres", 
            "res_identify": "", 
            "scale": 1.0, 
            "uid": "134222752", 
            "source_effect": [
                102455, 
                104277
            ]
        }, 
        "model": {
            "name": "\u987a\u5288\u65a9", 
            "model_id": 134224699, 
            "effect_path": "Fx_Effect/OtherType/Other_Type_blank_copy_23", 
            "meshes": [], 
            "custom": true, 
            "effect_keep": false, 
            "effect_max_life": -1, 
            "is_beam_effect": false
        }
    }, 
    "res_type": "editor_effect", 
    "import_export_folder_info": "/code_explorer_custom_root_folder_name/\u987a\u5288\u65a9"
}