{
    "134229855": {
        "editor_effect": {
            "model_id": 134229855, 
            "name": "\u70c8\u7130\u534a\u6708\u65a9", 
            "res_type": "kkres", 
            "version": 1, 
            "describe": 134229855, 
            "key": 134229855, 
            "res_identify": "", 
            "scale": 1.0, 
            "uid": 134229855, 
            "md5": "d5f95701807b797ad17626afb4f3df86", 
            "source_effect": 103607
        }, 
        "model": {
            "name": "\u70c8\u7130\u534a\u6708\u65a9", 
            "model_id": 134229855, 
            "meshes": [], 
            "effect_path": "Fx_Effect/LuoLin/Fx_Skill/Knife/Knife_LuoLing_boss03_skill_01_copy", 
            "custom": true, 
            "effect_keep": true, 
            "effect_max_life": -1, 
            "is_beam_effect": false
        }
    }, 
    "res_type": "editor_effect", 
    "import_export_folder_info": "/code_explorer_custom_root_folder_name"
}