{
    "134257535": {
        "editor_effect": {
            "model_id": 134257535, 
            "name": "\u7cbe\u51c6\u53cd\u51fb\u6295\u63b7\u7269_1", 
            "res_type": "kkres", 
            "version": 1, 
            "describe": 134257535, 
            "key": 134257535, 
            "res_identify": "", 
            "scale": 1.0, 
            "uid": 134257535, 
            "md5": "764b9901d64e5791463aaa6d91607c4e"
        }, 
        "model": {
            "name": "\u7cbe\u51c6\u53cd\u51fb\u6295\u63b7\u7269_1", 
            "model_id": 134257535, 
            "meshes": [], 
            "effect_path": "Fx_Effect/Realism/Fx_Skill/Knife/24f9a1c5-930c-4257-badb-44b622bfd2e1", 
            "custom": true, 
            "effect_keep": false, 
            "effect_max_life": 0.769999973, 
            "is_beam_effect": false
        }
    }, 
    "res_type": "editor_effect", 
    "import_export_folder_info": "/code_explorer_custom_root_folder_name"
}