{
    "134229485": {
        "editor_effect": {
            "model_id": 134229485, 
            "name": "\u91d1\u8272\u9f99", 
            "res_type": "kkres", 
            "version": 1, 
            "describe": 134229485, 
            "key": 134229485, 
            "res_identify": "", 
            "scale": 1.0, 
            "uid": 134229485, 
            "md5": "9bcd94dd9a96c9aa9ac22d74c7b74fc5", 
            "source_effect": 100870
        }, 
        "model": {
            "name": "\u91d1\u8272\u9f99", 
            "model_id": 134229485, 
            "meshes": [], 
            "effect_path": "Fx_Effect/Cartoon/Fx_Skill/Ballistic/Ballistic_pet_trailling_20_01_copy", 
            "custom": true, 
            "effect_keep": true, 
            "effect_max_life": -1, 
            "is_beam_effect": false
        }
    }, 
    "res_type": "editor_effect", 
    "import_export_folder_info": "/code_explorer_custom_root_folder_name"
}