{
    "134227557": {
        "editor_effect": {
            "model_id": 134280504, 
            "preview_icon": "", 
            "name": "\u53cc\u5b50\u62a4\u536b", 
            "describe": 134227557, 
            "key": 134227557, 
            "res_type": "kkres", 
            "res_identify": "", 
            "scale": 1.0, 
            "uid": "134227557", 
            "source_effect": [
                103068
            ]
        }, 
        "model": {
            "name": "\u53cc\u5b50\u62a4\u536b", 
            "model_id": 134280504, 
            "effect_path": "Fx_Effect/Realism/Fx_Skill/Magic/Magic_X1_sm_qx_a0001_copy", 
            "meshes": [], 
            "custom": true, 
            "effect_keep": false, 
            "effect_max_life": 1.5, 
            "is_beam_effect": false
        }
    }, 
    "res_type": "editor_effect", 
    "import_export_folder_info": "/code_explorer_custom_root_folder_name"
}