{
    "134275156": {
        "editor_effect": {
            "model_id": 134233408, 
            "preview_icon": "", 
            "name": "\u5178\u97e6\u5927\u62db", 
            "describe": 134275156, 
            "key": 134275156, 
            "res_type": "kkres", 
            "res_identify": "", 
            "scale": 1.0, 
            "uid": "134275156", 
            "source_effect": [
                102455
            ]
        }, 
        "model": {
            "name": "\u5178\u97e6\u5927\u62db", 
            "model_id": 134233408, 
            "effect_path": "Fx_Effect/OtherType/Other_Type_blank_copy_4", 
            "meshes": [], 
            "custom": true, 
            "effect_keep": true, 
            "effect_max_life": -1, 
            "is_beam_effect": false
        }
    }, 
    "res_type": "editor_effect", 
    "import_export_folder_info": "/code_explorer_custom_root_folder_name"
}