{
    "134256110": {
        "editor_effect": {
            "describe": 134247052, 
            "key": 134256110, 
            "md5": "f8e4689ecdf1a14484c34537db2d813e", 
            "model_id": 134256110, 
            "name": "\u53d7\u51fb\u6295\u63b7\u7269_1", 
            "res_identify": "", 
            "res_type": "kkres", 
            "scale": 1.0, 
            "source_effect": [
                100805
            ], 
            "uid": 134256110, 
            "version": 1
        }, 
        "model": {
            "custom": true, 
            "effect_keep": false, 
            "effect_max_life": 0.5, 
            "effect_path": "fx/com_fx/hit_fx/hit_poison_01_copy", 
            "is_beam_effect": false, 
            "meshes": [], 
            "model_id": 134256110, 
            "name": "\u53d7\u51fb\u6295\u63b7\u7269_1"
        }
    }, 
    "res_type": "editor_effect", 
    "import_export_folder_info": "/code_explorer_custom_root_folder_name"
}