{
    "134259286": {
        "editor_effect": {
            "model_id": 134259286, 
            "name": "\u5f3a\u529b\u987a\u5288\u6295\u63b7\u7269", 
            "res_type": "kkres", 
            "version": 1, 
            "describe": 134259286, 
            "key": 134259286, 
            "res_identify": "", 
            "scale": 1.0, 
            "uid": 134259286, 
            "md5": "b753e56ebe12fcd27e64a1580c4eb588"
        }, 
        "model": {
            "name": "\u5f3a\u529b\u987a\u5288\u6295\u63b7\u7269", 
            "model_id": 134259286, 
            "meshes": [], 
            "effect_path": "Fx_Effect/Realism/Fx_Skill/Knife/b28a5dd7-b11a-4090-99f1-c5003085f5d0", 
            "custom": true, 
            "effect_keep": true, 
            "effect_max_life": -1, 
            "is_beam_effect": false
        }
    }, 
    "res_type": "editor_effect", 
    "import_export_folder_info": "/code_explorer_custom_root_folder_name"
}