{
    "134233654": {
        "editor_effect": {
            "model_id": 134233654, 
            "name": "\u6247\u5f62\u706b\u7130", 
            "res_type": "kkres", 
            "version": 1, 
            "describe": 134233654, 
            "key": 134233654, 
            "res_identify": "", 
            "scale": 1.0, 
            "uid": 134233654, 
            "md5": "6217db090d8c1d27fb418ab722ad9405", 
            "source_effect": 103292
        }, 
        "model": {
            "name": "\u6247\u5f62\u706b\u7130", 
            "model_id": 134233654, 
            "meshes": [], 
            "effect_path": "Fx_Effect/Realism/Fx_Skill/Holy/Holy_X1_zfh_ffz_b0002_copy", 
            "custom": true, 
            "effect_keep": false, 
            "effect_max_life": 0.600000024, 
            "is_beam_effect": false
        }
    }, 
    "res_type": "editor_effect", 
    "import_export_folder_info": "/code_explorer_custom_root_folder_name"
}