{
    "134247052": {
        "editor_effect": {
            "model_id": 134247052, 
            "name": "\u53d7\u51fb\u6295\u63b7\u7269", 
            "res_type": "kkres", 
            "version": 1, 
            "describe": 134247052, 
            "key": 134247052, 
            "res_identify": "", 
            "scale": 1.0, 
            "uid": 134247052, 
            "md5": "c906bc625e79d353d7cd689fe53d9f6f"
        }, 
        "model": {
            "name": "\u53d7\u51fb\u6295\u63b7\u7269", 
            "model_id": 134247052, 
            "meshes": [], 
            "effect_path": "fx/com_fx/hit_fx/29382c6e-f89c-4589-96cb-1d66e87bf733", 
            "custom": true, 
            "effect_keep": false, 
            "effect_max_life": 0.5, 
            "is_beam_effect": false
        }
    }, 
    "res_type": "editor_effect", 
    "import_export_folder_info": "/code_explorer_custom_root_folder_name"
}