{
    "134228768": {
        "editor_effect": {
            "model_id": 134228768, 
            "name": "\u5760\u5730\u9f99", 
            "res_type": "kkres", 
            "version": 1, 
            "describe": 134228768, 
            "key": 134228768, 
            "res_identify": "", 
            "scale": 1.0, 
            "uid": 134228768, 
            "md5": "a0a912fd8d25dfaf479b29f42ec3e828", 
            "source_effect": 102788
        }, 
        "model": {
            "name": "\u5760\u5730\u9f99", 
            "model_id": 134228768, 
            "meshes": [], 
            "effect_path": "Fx_Effect/Realism/Fx_Skill/Fire/Fire_X1_WP_pobinszd_0001_copy", 
            "custom": true, 
            "effect_keep": true, 
            "effect_max_life": -1, 
            "is_beam_effect": false
        }
    }, 
    "res_type": "editor_effect", 
    "import_export_folder_info": "/code_explorer_custom_root_folder_name"
}