{
    "134223433": {
        "editor_effect": {
            "model_id": 134223433, 
            "name": "\u51b3\u6b7b\u51b2\u950b\u6295\u63b7\u7269", 
            "res_type": "kkres", 
            "version": 1, 
            "describe": 134223433, 
            "key": 134223433, 
            "res_identify": "", 
            "scale": 1.0, 
            "uid": 134223433, 
            "md5": "dc9f88c6b6731e3d7a26ae6e661ab58f"
        }, 
        "model": {
            "name": "\u51b3\u6b7b\u51b2\u950b\u6295\u63b7\u7269", 
            "model_id": 134223433, 
            "meshes": [], 
            "effect_path": "Fx_Effect/OtherType/Fx_Skill/Shadow/e0170f47-304a-4db3-8b0b-ba2501520b6e", 
            "custom": true, 
            "effect_keep": false, 
            "effect_max_life": 1.60000002, 
            "is_beam_effect": false
        }
    }, 
    "res_type": "editor_effect", 
    "import_export_folder_info": "/code_explorer_custom_root_folder_name"
}