{
    "134253375": {
        "editor_effect": {
            "model_id": 134235789, 
            "preview_icon": "", 
            "name": "\u4ee5\u8840\u517b\u6218", 
            "describe": 134253375, 
            "key": 134253375, 
            "res_type": "kkres", 
            "res_identify": "", 
            "scale": 1.0, 
            "uid": "134253375", 
            "source_effect": [
                102455
            ]
        }, 
        "model": {
            "name": "\u4ee5\u8840\u517b\u6218", 
            "model_id": 134235789, 
            "effect_path": "Fx_Effect/OtherType/Other_Type_blank_copy_33", 
            "meshes": [], 
            "custom": true, 
            "effect_keep": true, 
            "effect_max_life": -1, 
            "is_beam_effect": false
        }
    }, 
    "res_type": "editor_effect", 
    "import_export_folder_info": "/code_explorer_custom_root_folder_name/\u4ee5\u8840\u517b\u6218"
}