{
    "134226649": {
        "editor_effect": {
            "model_id": 134226649, 
            "name": "\u65e0\u754f\u8fde\u51fb\u6295\u63b7\u7269", 
            "res_type": "kkres", 
            "version": 1, 
            "describe": 134226649, 
            "key": 134226649, 
            "res_identify": "", 
            "scale": 1.0, 
            "uid": 134226649, 
            "md5": "0d13efa35dc533f67b57ee8e1d66f6ac"
        }, 
        "model": {
            "name": "\u65e0\u754f\u8fde\u51fb\u6295\u63b7\u7269", 
            "model_id": 134226649, 
            "meshes": [], 
            "effect_path": "Fx_Effect/Overseas/Fx_Skill/Light/a904eeac-8027-41a9-815e-281a888efca2", 
            "custom": true, 
            "effect_keep": false, 
            "effect_max_life": 0.649999988, 
            "is_beam_effect": false
        }
    }, 
    "res_type": "editor_effect", 
    "import_export_folder_info": "/code_explorer_custom_root_folder_name"
}