{
    "134230948": {
        "editor_effect": {
            "model_id": 134230948, 
            "name": "\u9752\u9f99\u6012", 
            "res_type": "kkres", 
            "version": 1, 
            "describe": 134230948, 
            "key": 134230948, 
            "res_identify": "", 
            "scale": 1.0, 
            "uid": 134230948, 
            "md5": "238cc0151b3c779f5ef21069c5bb08be"
        }, 
        "model": {
            "name": "\u9752\u9f99\u6012", 
            "model_id": 134230948, 
            "meshes": [], 
            "effect_path": "Fx_Effect/OtherType/Other_Type_blank_copy_2", 
            "custom": true, 
            "effect_keep": false, 
            "effect_max_life": 1.0523809977324285, 
            "is_beam_effect": false
        }
    }, 
    "res_type": "editor_effect", 
    "import_export_folder_info": "/code_explorer_custom_root_folder_name"
}