{
    "134268647": {
        "editor_effect": {
            "describe": 134268647, 
            "key": 134268647, 
            "md5": "91615cd30a42663d93eed6938e350c25", 
            "model_id": 134239445, 
            "name": "\u8bf8\u845b\u4eae\u666e\u653b", 
            "preview_icon": "", 
            "res_identify": "", 
            "res_type": "kkres", 
            "scale": 1.0, 
            "source_effect": [
                102455, 
                101803, 
                100208, 
                101300
            ], 
            "uid": "134268647", 
            "version": 1
        }, 
        "model": {
            "custom": true, 
            "effect_keep": true, 
            "effect_max_life": -1, 
            "effect_path": "Fx_Effect/OtherType/Other_Type_blank_copy_5", 
            "is_beam_effect": false, 
            "meshes": [], 
            "model_id": 134239445, 
            "name": "\u8bf8\u845b\u4eae\u666e\u653b"
        }
    }, 
    "res_type": "editor_effect", 
    "import_export_folder_info": "/code_explorer_custom_root_folder_name"
}