{
    "134247463": {
        "editor_effect": {
            "describe": 134237788, 
            "key": 134247463, 
            "md5": "b7d9206f28712ed8f983c99fe647cd83", 
            "model_id": 134247463, 
            "name": "\u77ac\u95f4\u65a9\u6295\u63b7\u7269_1", 
            "res_identify": "", 
            "res_type": "kkres", 
            "scale": 1.0, 
            "source_effect": [
                101823
            ], 
            "uid": 134247463, 
            "version": 1
        }, 
        "model": {
            "custom": true, 
            "effect_keep": false, 
            "effect_max_life": 2.85, 
            "effect_path": "Fx_Effect/Realism/Fx_Skill/Fire/Fire_Firecut_001_copy", 
            "is_beam_effect": false, 
            "meshes": [], 
            "model_id": 134247463, 
            "name": "\u77ac\u95f4\u65a9\u6295\u63b7\u7269_1"
        }
    }, 
    "res_type": "editor_effect", 
    "import_export_folder_info": "/code_explorer_custom_root_folder_name"
}