{
    "134220331": {
        "editor_effect": {
            "model_id": 134220331, 
            "name": "\u9752\u9f99\u6012_1", 
            "res_type": "kkres", 
            "version": 1, 
            "describe": 134230701, 
            "key": 134220331, 
            "res_identify": "", 
            "scale": 1.0, 
            "uid": 134220331, 
            "md5": "07b7bfefebc97dae0f564fea37624010"
        }, 
        "model": {
            "name": "\u9752\u9f99\u6012_1", 
            "model_id": 134220331, 
            "meshes": [], 
            "effect_path": "Fx_Effect/Realism/Fx_Skill/Soil/Soil_cutdown_001_copy", 
            "custom": true, 
            "effect_keep": false, 
            "effect_max_life": 1.9800000202999999, 
            "is_beam_effect": false
        }
    }, 
    "res_type": "editor_effect", 
    "import_export_folder_info": "/code_explorer_custom_root_folder_name"
}