<?xml version='1.0' encoding='utf-8'?>
<Resource>
	<Version>2</Version>
	<SMaterialData>
		<Root>
			<Sub />
			<Entity type="SMaterialData">
				<name>_material</name>
				<info>
					<Layers count="6" ordered="true">
						<Element index="0">
							<LayerName>zu_submat</LayerName>
							<ShaderName>Particle</ShaderName>
							<Parameters count="18" ordered="true">
								<Element index="0">
									<Name>DepthBuffer</Name>
									<Value>00000000-0000-0000-0000-000000000000</Value>
								</Element>
								<Element index="1">
									<Name>DiffuseTexture</Name>
									<Value>ffffffff-0100-0000-0100-00000a000000</Value>
								</Element>
								<Element index="2">
									<Name>SSProfilesTextureGlobel</Name>
									<Value>00000000-0000-0000-0000-000000000000</Value>
								</Element>
								<Element index="3">
									<Name>ScreenTexture</Name>
									<Value>00000000-0000-0000-0000-000000000000</Value>
								</Element>
								<Element index="4">
									<Name>tIRVDayTextureA</Name>
									<Value>00000000-0000-0000-0000-000000000000</Value>
								</Element>
								<Element index="5">
									<Name>tIRVNightTextureA</Name>
									<Value>00000000-0000-0000-0000-000000000000</Value>
								</Element>
								<Element index="6">
									<Name>tScatteringAndTransmittanceVolume</Name>
									<Value>00000000-0000-0000-0000-000000000000</Value>
								</Element>
								<Element index="7">
									<Name>tShadowMapArray</Name>
									<Value>00000000-0000-0000-0000-000000000000</Value>
								</Element>
								<Element index="8">
									<Name>InvFadeDistance</Name>
									<Value>0</Value>
								</Element>
								<Element index="9">
									<Name>ModulateColor</Name>
									<Value>(1.0, 1.0, 1.0, 1.0)</Value>
								</Element>
								<Element index="10">
									<Name>Soft</Name>
									<Value>0</Value>
								</Element>
								<Element index="11">
									<Name>HDRScale</Name>
									<Value>2</Value>
								</Element>
								<Element index="12">
									<Name>UVScale</Name>
									<Value>(1, 1)</Value>
								</Element>
								<Element index="13">
									<Name>Local</Name>
									<Value>1</Value>
								</Element>
								<Element index="14">
									<Name>BloomScale</Name>
									<Value>0.5</Value>
								</Element>
								<Element index="15">
									<Name>FogStrength</Name>
									<Value>0</Value>
								</Element>
								<Element index="16">
									<Name>DepthBias</Name>
									<Value>0</Value>
								</Element>
								<Element index="17">
									<Name>Distortion</Name>
									<Value>0</Value>
								</Element>
							</Parameters>
							<InactiveParameters count="0" ordered="true" />
							<MultiPassMaterials count="0" ordered="true" />
						</Element>
						<Element index="1">
							<LayerName>lizi_submat</LayerName>
							<ShaderName>Particle</ShaderName>
							<Parameters count="18" ordered="true">
								<Element index="0">
									<Name>DepthBuffer</Name>
									<Value>00000000-0000-0000-0000-000000000000</Value>
								</Element>
								<Element index="1">
									<Name>DiffuseTexture</Name>
									<Value>95190bca-5c58-4b04-b882-3f3ce869f1fa</Value>
								</Element>
								<Element index="2">
									<Name>SSProfilesTextureGlobel</Name>
									<Value>00000000-0000-0000-0000-000000000000</Value>
								</Element>
								<Element index="3">
									<Name>ScreenTexture</Name>
									<Value>00000000-0000-0000-0000-000000000000</Value>
								</Element>
								<Element index="4">
									<Name>tIRVDayTextureA</Name>
									<Value>00000000-0000-0000-0000-000000000000</Value>
								</Element>
								<Element index="5">
									<Name>tIRVNightTextureA</Name>
									<Value>00000000-0000-0000-0000-000000000000</Value>
								</Element>
								<Element index="6">
									<Name>tScatteringAndTransmittanceVolume</Name>
									<Value>00000000-0000-0000-0000-000000000000</Value>
								</Element>
								<Element index="7">
									<Name>tShadowMapArray</Name>
									<Value>00000000-0000-0000-0000-000000000000</Value>
								</Element>
								<Element index="8">
									<Name>InvFadeDistance</Name>
									<Value>10</Value>
								</Element>
								<Element index="9">
									<Name>ModulateColor</Name>
									<Value>(1, 1, 1, 4)</Value>
								</Element>
								<Element index="10">
									<Name>Soft</Name>
									<Value>true</Value>
								</Element>
								<Element index="11">
									<Name>HDRScale</Name>
									<Value>2</Value>
								</Element>
								<Element index="12">
									<Name>UVScale</Name>
									<Value>(1, 1)</Value>
								</Element>
								<Element index="13">
									<Name>Local</Name>
									<Value>false</Value>
								</Element>
								<Element index="14">
									<Name>BloomScale</Name>
									<Value>0.5</Value>
								</Element>
								<Element index="15">
									<Name>FogStrength</Name>
									<Value>0</Value>
								</Element>
								<Element index="16">
									<Name>DepthBias</Name>
									<Value>0</Value>
								</Element>
								<Element index="17">
									<Name>Distortion</Name>
									<Value>0</Value>
								</Element>
							</Parameters>
							<InactiveParameters count="0" ordered="true" />
							<MultiPassMaterials count="0" ordered="true" />
						</Element>
						<Element index="2">
							<LayerName>tou_submat</LayerName>
							<ShaderName>Effect/Panner</ShaderName>
							<Parameters count="21" ordered="true">
								<Element index="0">
									<Name>DepthBuffer</Name>
									<Value>00000000-0000-0000-0000-000000000000</Value>
								</Element>
								<Element index="1">
									<Name>DiffuseTexture</Name>
									<Value>81368108-e934-4c08-8d54-432e4d008ca6</Value>
								</Element>
								<Element index="2">
									<Name>MaskTexture</Name>
									<Value>8e862ec6-1e6f-43b6-9b0f-fcb43c728cca</Value>
								</Element>
								<Element index="3">
									<Name>SSProfilesTextureGlobel</Name>
									<Value>00000000-0000-0000-0000-000000000000</Value>
								</Element>
								<Element index="4">
									<Name>TwistTexture</Name>
									<Value>13ab12f3-d5a6-4062-8cbf-5c94ac9dfba3</Value>
								</Element>
								<Element index="5">
									<Name>tIRVDayTextureA</Name>
									<Value>00000000-0000-0000-0000-000000000000</Value>
								</Element>
								<Element index="6">
									<Name>tIRVNightTextureA</Name>
									<Value>00000000-0000-0000-0000-000000000000</Value>
								</Element>
								<Element index="7">
									<Name>tScatteringAndTransmittanceVolume</Name>
									<Value>00000000-0000-0000-0000-000000000000</Value>
								</Element>
								<Element index="8">
									<Name>tShadowMapArray</Name>
									<Value>00000000-0000-0000-0000-000000000000</Value>
								</Element>
								<Element index="9">
									<Name>ModulateColor</Name>
									<Value>(4, 4, 4, 1)</Value>
								</Element>
								<Element index="10">
									<Name>InvFadeDistance</Name>
									<Value>0</Value>
								</Element>
								<Element index="11">
									<Name>DiffuseUVOffset</Name>
									<Value>(0, 0)</Value>
								</Element>
								<Element index="12">
									<Name>TwistStrength</Name>
									<Value>(0, 0)</Value>
								</Element>
								<Element index="13">
									<Name>DiffuseUVScolling</Name>
									<Value>(1, 1, 0, 0)</Value>
								</Element>
								<Element index="14">
									<Name>DepthBias</Name>
									<Value>0</Value>
								</Element>
								<Element index="15">
									<Name>FogStrength</Name>
									<Value>0</Value>
								</Element>
								<Element index="16">
									<Name>BloomScale</Name>
									<Value>0.5</Value>
								</Element>
								<Element index="17">
									<Name>TwistUVScolling</Name>
									<Value>(1, 1, 0, 1)</Value>
								</Element>
								<Element index="18">
									<Name>HDRScale</Name>
									<Value>2</Value>
								</Element>
								<Element index="19">
									<Name>MaskUVTransform</Name>
									<Value>(1, 1, 0, 0)</Value>
								</Element>
								<Element index="20">
									<Name>Soft</Name>
									<Value>0</Value>
								</Element>
							</Parameters>
							<InactiveParameters count="0" ordered="true" />
							<MultiPassMaterials count="0" ordered="true" />
						</Element>
						<Element index="3">
							<LayerName>tuowei_01_submat</LayerName>
							<ShaderName>Effect/Twisted</ShaderName>
							<Parameters count="18" ordered="true">
								<Element index="0">
									<Name>DepthBuffer</Name>
									<Value>00000000-0000-0000-0000-000000000000</Value>
								</Element>
								<Element index="1">
									<Name>DiffuseTexture</Name>
									<Value>66c47ba8-925e-435a-9990-65bb7c80651c</Value>
								</Element>
								<Element index="2">
									<Name>MaskTexture</Name>
									<Value>74a084cf-d6d7-4906-b8b5-a196e3f7af77</Value>
								</Element>
								<Element index="3">
									<Name>SSProfilesTextureGlobel</Name>
									<Value>00000000-0000-0000-0000-000000000000</Value>
								</Element>
								<Element index="4">
									<Name>TwistTexture</Name>
									<Value>54cda811-5302-4112-8673-f456ef9e553a</Value>
								</Element>
								<Element index="5">
									<Name>tIRVDayTextureA</Name>
									<Value>00000000-0000-0000-0000-000000000000</Value>
								</Element>
								<Element index="6">
									<Name>tIRVNightTextureA</Name>
									<Value>00000000-0000-0000-0000-000000000000</Value>
								</Element>
								<Element index="7">
									<Name>tScatteringAndTransmittanceVolume</Name>
									<Value>00000000-0000-0000-0000-000000000000</Value>
								</Element>
								<Element index="8">
									<Name>tShadowMapArray</Name>
									<Value>00000000-0000-0000-0000-000000000000</Value>
								</Element>
								<Element index="9">
									<Name>TwistUVScolling</Name>
									<Value>(1, 1, 0, 1)</Value>
								</Element>
								<Element index="10">
									<Name>Soft</Name>
									<Value>0</Value>
								</Element>
								<Element index="11">
									<Name>DepthBias</Name>
									<Value>0</Value>
								</Element>
								<Element index="12">
									<Name>HDRScale</Name>
									<Value>2</Value>
								</Element>
								<Element index="13">
									<Name>FogStrength</Name>
									<Value>0</Value>
								</Element>
								<Element index="14">
									<Name>TwistStrength</Name>
									<Value>(0, 0)</Value>
								</Element>
								<Element index="15">
									<Name>ModulateColor</Name>
									<Value>(1, 1, 1, 8)</Value>
								</Element>
								<Element index="16">
									<Name>DiffuseUVScolling</Name>
									<Value>(1, 1, -1, 0)</Value>
								</Element>
								<Element index="17">
									<Name>BloomScale</Name>
									<Value>0.5</Value>
								</Element>
							</Parameters>
							<InactiveParameters count="0" ordered="true" />
							<MultiPassMaterials count="0" ordered="true" />
						</Element>
						<Element index="4">
							<LayerName>tuowei2_submat</LayerName>
							<ShaderName>Particle</ShaderName>
							<Parameters count="18" ordered="true">
								<Element index="0">
									<Name>DepthBuffer</Name>
									<Value>00000000-0000-0000-0000-000000000000</Value>
								</Element>
								<Element index="1">
									<Name>DiffuseTexture</Name>
									<Value>1b00b916-a26a-471a-8d4b-9af1661f4e5c</Value>
								</Element>
								<Element index="2">
									<Name>SSProfilesTextureGlobel</Name>
									<Value>00000000-0000-0000-0000-000000000000</Value>
								</Element>
								<Element index="3">
									<Name>ScreenTexture</Name>
									<Value>00000000-0000-0000-0000-000000000000</Value>
								</Element>
								<Element index="4">
									<Name>tIRVDayTextureA</Name>
									<Value>00000000-0000-0000-0000-000000000000</Value>
								</Element>
								<Element index="5">
									<Name>tIRVNightTextureA</Name>
									<Value>00000000-0000-0000-0000-000000000000</Value>
								</Element>
								<Element index="6">
									<Name>tScatteringAndTransmittanceVolume</Name>
									<Value>00000000-0000-0000-0000-000000000000</Value>
								</Element>
								<Element index="7">
									<Name>tShadowMapArray</Name>
									<Value>00000000-0000-0000-0000-000000000000</Value>
								</Element>
								<Element index="8">
									<Name>InvFadeDistance</Name>
									<Value>0</Value>
								</Element>
								<Element index="9">
									<Name>ModulateColor</Name>
									<Value>(1, 1, 1, 0.5)</Value>
								</Element>
								<Element index="10">
									<Name>Soft</Name>
									<Value>0</Value>
								</Element>
								<Element index="11">
									<Name>HDRScale</Name>
									<Value>2</Value>
								</Element>
								<Element index="12">
									<Name>UVScale</Name>
									<Value>(1, 1)</Value>
								</Element>
								<Element index="13">
									<Name>Local</Name>
									<Value>false</Value>
								</Element>
								<Element index="14">
									<Name>BloomScale</Name>
									<Value>0.5</Value>
								</Element>
								<Element index="15">
									<Name>FogStrength</Name>
									<Value>0</Value>
								</Element>
								<Element index="16">
									<Name>DepthBias</Name>
									<Value>0</Value>
								</Element>
								<Element index="17">
									<Name>Distortion</Name>
									<Value>0</Value>
								</Element>
							</Parameters>
							<InactiveParameters count="0" ordered="true" />
							<MultiPassMaterials count="0" ordered="true" />
						</Element>
						<Element index="5">
							<LayerName>niuqu01_submat</LayerName>
							<ShaderName>Particle</ShaderName>
							<Parameters count="18" ordered="true">
								<Element index="0">
									<Name>DepthBuffer</Name>
									<Value>00000000-0000-0000-0000-000000000000</Value>
								</Element>
								<Element index="1">
									<Name>DiffuseTexture</Name>
									<Value>11935894-6901-4097-8819-44c74e63d29c</Value>
								</Element>
								<Element index="2">
									<Name>SSProfilesTextureGlobel</Name>
									<Value>00000000-0000-0000-0000-000000000000</Value>
								</Element>
								<Element index="3">
									<Name>ScreenTexture</Name>
									<Value>00000000-0000-0000-0000-000000000000</Value>
								</Element>
								<Element index="4">
									<Name>tIRVDayTextureA</Name>
									<Value>00000000-0000-0000-0000-000000000000</Value>
								</Element>
								<Element index="5">
									<Name>tIRVNightTextureA</Name>
									<Value>00000000-0000-0000-0000-000000000000</Value>
								</Element>
								<Element index="6">
									<Name>tScatteringAndTransmittanceVolume</Name>
									<Value>00000000-0000-0000-0000-000000000000</Value>
								</Element>
								<Element index="7">
									<Name>tShadowMapArray</Name>
									<Value>00000000-0000-0000-0000-000000000000</Value>
								</Element>
								<Element index="8">
									<Name>InvFadeDistance</Name>
									<Value>5</Value>
								</Element>
								<Element index="9">
									<Name>ModulateColor</Name>
									<Value>(1.0, 1.0, 1.0, 1.0)</Value>
								</Element>
								<Element index="10">
									<Name>Soft</Name>
									<Value>true</Value>
								</Element>
								<Element index="11">
									<Name>HDRScale</Name>
									<Value>2</Value>
								</Element>
								<Element index="12">
									<Name>UVScale</Name>
									<Value>(1, 1)</Value>
								</Element>
								<Element index="13">
									<Name>Local</Name>
									<Value>1</Value>
								</Element>
								<Element index="14">
									<Name>BloomScale</Name>
									<Value>0.5</Value>
								</Element>
								<Element index="15">
									<Name>FogStrength</Name>
									<Value>0</Value>
								</Element>
								<Element index="16">
									<Name>DepthBias</Name>
									<Value>0</Value>
								</Element>
								<Element index="17">
									<Name>Distortion</Name>
									<Value>true</Value>
								</Element>
							</Parameters>
							<InactiveParameters count="0" ordered="true" />
							<MultiPassMaterials count="0" ordered="true" />
						</Element>
					</Layers>
				</info>
				<flags count="6" ordered="true">
					<Element index="0">1048608</Element>
					<Element index="1">1048608</Element>
					<Element index="2">1048608</Element>
					<Element index="3">1048608</Element>
					<Element index="4">1048608</Element>
					<Element index="5">1048608</Element>
				</flags>
				<CustomRenderset count="1" ordered="true">
					<Element index="0">0</Element>
				</CustomRenderset>
			</Entity>
		</Root>
	</SMaterialData>
</Resource>
