{
    "134254954": {
        "editor_effect": {
            "describe": 134254954, 
            "key": 134254954, 
            "md5": "55a3d96dc73ee35b62cdf68ea25d0cb3", 
            "model_id": 134245012, 
            "name": "\u6e85\u5c04\u4f24\u5bb3\u6295\u63b7\u5668", 
            "preview_icon": "", 
            "res_identify": "", 
            "res_type": "kkres", 
            "scale": 1.0, 
            "source_effect": [
                100868
            ], 
            "uid": "134254954", 
            "version": 1
        }, 
        "model": {
            "custom": true, 
            "effect_keep": true, 
            "effect_max_life": -1, 
            "effect_path": "Fx_Effect/Cartoon/Fx_Skill/Ballistic/Ballistic_pet_trailling_19_01_copy", 
            "is_beam_effect": false, 
            "meshes": [], 
            "model_id": 134245012, 
            "name": "\u6e85\u5c04\u4f24\u5bb3\u6295\u63b7\u5668"
        }
    }, 
    "res_type": "editor_effect", 
    "import_export_folder_info": "/code_explorer_custom_root_folder_name"
}