{
    "134277720": {
        "editor_effect": {
            "model_id": 134225489, 
            "preview_icon": "", 
            "name": "\u6218\u4e89\u8df5\u8e0f", 
            "describe": 134277720, 
            "key": 134277720, 
            "res_type": "kkres", 
            "res_identify": "", 
            "scale": 1.0, 
            "uid": "134277720", 
            "source_effect": [
                102455, 
                105085
            ], 
            "version": 1, 
            "md5": "d8d74590f852986cc881b3c6e9e09d81"
        }, 
        "model": {
            "name": "\u6218\u4e89\u8df5\u8e0f", 
            "model_id": 134225489, 
            "effect_path": "Fx_Effect/OtherType/Other_Type_blank_copy_32", 
            "meshes": [], 
            "custom": true, 
            "effect_keep": false, 
            "effect_max_life": 2.0, 
            "is_beam_effect": false
        }
    }, 
    "res_type": "editor_effect", 
    "import_export_folder_info": "/code_explorer_custom_root_folder_name/\u6218\u4e89\u8df5\u8e0f"
}